Date,Price,Open,High,Low,Vol.,Change %
20-Aug-21,18.56,22.74,23.9,18.18,-,-14.35%
19-Aug-21,21.67,23.12,24.74,20.37,-,0.46%
18-Aug-21,21.57,17.56,21.64,17.31,-,20.44%
17-Aug-21,17.91,17.31,19.56,16.71,-,11.10%
16-Aug-21,16.12,17.05,17.71,16.02,-,4.34%
13-Aug-21,15.45,15.68,15.72,15.19,-,-0.90%
12-Aug-21,15.59,16.33,16.42,15.49,-,-2.93%
11-Aug-21,16.06,16.81,17.09,15.87,-,-4.35%
10-Aug-21,16.79,16.82,17.05,16.34,-,0.42%
9-Aug-21,16.72,17.12,17.39,16.59,-,3.53%
6-Aug-21,16.15,17.46,17.5,16.14,-,-6.54%
5-Aug-21,17.28,17.73,17.84,17.23,-,-3.84%
4-Aug-21,17.97,18.23,18.9,17.67,-,-0.39%
3-Aug-21,18.04,19.17,20.44,17.7,-,-7.30%
2-Aug-21,19.46,18.16,19.87,17.99,-,6.69%
30-Jul-21,18.24,19.69,19.72,17.53,-,3.05%
29-Jul-21,17.7,17.91,18.01,17.19,-,-3.33%
28-Jul-21,18.31,19.41,19.62,17.52,-,-5.42%
27-Jul-21,19.36,18.62,20.44,18.25,-,10.13%
26-Jul-21,17.58,18.67,19.39,17.53,-,2.21%
23-Jul-21,17.2,16.98,17.48,16.33,-,-2.77%
22-Jul-21,17.69,17.59,18.45,17.4,-,-1.23%
21-Jul-21,17.91,19.73,19.82,17.81,-,-9.22%
20-Jul-21,19.73,20.89,22.97,19.37,-,-12.31%
19-Jul-21,22.5,19.61,25.09,19.27,-,21.95%
16-Jul-21,18.45,16.8,18.7,16.03,-,8.47%
15-Jul-21,17.01,16.7,18.09,16.56,-,4.16%
14-Jul-21,16.33,17.34,17.51,15.95,-,-4.61%
13-Jul-21,17.12,16.39,17.23,15.94,-,5.88%
12-Jul-21,16.17,16.85,17.52,16.14,-,-0.06%
9-Jul-21,16.18,17.88,18.13,16.08,-,-14.84%
8-Jul-21,19,17.74,21.29,17.74,-,17.28%
7-Jul-21,16.2,16.43,17.64,16.08,-,-1.46%
6-Jul-21,16.44,15.77,17.94,15.73,-,9.09%
2-Jul-21,15.07,15.53,15.54,14.25,-,-2.65%
1-Jul-21,15.48,15.62,16.01,15.31,-,-2.21%
30-Jun-21,15.83,16.18,17.31,15.58,-,-1.19%
29-Jun-21,16.02,15.69,16.31,14.1,-,1.65%
28-Jun-21,15.76,16.07,16.46,15.39,-,0.90%
25-Jun-21,15.62,16.04,16.17,15.21,-,-2.19%
24-Jun-21,15.97,15.99,16.05,14.19,-,-2.14%
23-Jun-21,16.32,16.25,16.84,14.86,-,-2.04%
22-Jun-21,16.66,17.91,18.32,15.76,-,-6.88%
21-Jun-21,17.89,21.74,21.82,17.81,-,-13.57%
18-Jun-21,20.7,16.96,21.04,16.92,-,16.62%
17-Jun-21,17.75,18.49,19.22,16.71,-,-2.20%
16-Jun-21,18.15,16.99,19.11,16.42,-,6.64%
15-Jun-21,17.02,16.27,17.35,16.14,-,3.84%
14-Jun-21,16.39,16.04,17.04,15.04,-,4.73%
11-Jun-21,15.65,16.18,16.2,15.15,-,-2.80%
10-Jun-21,16.1,18.18,18.29,16.01,-,-10.01%
9-Jun-21,17.89,17.18,17.96,15.55,-,4.80%
8-Jun-21,17.07,16.58,17.75,15.15,-,3.96%
7-Jun-21,16.42,17.34,17.35,15.78,-,0.00%
4-Jun-21,16.42,18.09,18.42,16.18,-,-8.98%
3-Jun-21,18.04,17.73,19.27,17.45,-,3.20%
2-Jun-21,17.48,17.86,18.31,16.74,-,-2.35%
1-Jun-21,17.9,17.24,18.53,15.68,-,6.80%
28-May-21,16.76,16.8,16.86,15.9,-,0.12%
27-May-21,16.74,18.03,18.17,16.52,-,-3.57%
26-May-21,17.36,18.37,18.92,17.35,-,-7.86%
25-May-21,18.84,18.35,19.29,16.87,-,2.39%
24-May-21,18.4,20.5,20.51,18.38,-,-8.68%
21-May-21,20.15,20.42,20.89,19.53,-,-2.52%
20-May-21,20.67,22.33,23.5,20.19,-,-6.81%
19-May-21,22.18,22.46,25.96,21.88,-,3.94%
18-May-21,21.34,18.89,21.45,18.81,-,8.22%
17-May-21,19.72,19.89,21.58,19.67,-,4.84%
14-May-21,18.81,21.77,22.1,18.66,-,-18.68%
13-May-21,23.13,26.03,28.93,22.23,-,-16.17%
12-May-21,27.59,22.42,28.38,21.66,-,26.33%
11-May-21,21.84,21.17,23.73,20.71,-,11.09%
10-May-21,19.66,17.34,19.75,17.07,-,17.80%
7-May-21,16.69,18.45,18.57,16.68,-,-9.24%
6-May-21,18.39,18.41,20.6,18.21,-,-3.97%
5-May-21,19.15,18.84,19.58,17.89,-,-1.69%
4-May-21,19.48,18.16,21.85,18.11,-,6.39%
3-May-21,18.31,18.65,19.12,17.8,-,-1.61%
30-Apr-21,18.61,17.67,19.25,17.64,-,5.68%
29-Apr-21,17.61,16.88,18.87,16.77,-,1.91%
28-Apr-21,17.28,17.47,17.84,16.67,-,-1.59%
27-Apr-21,17.56,17.62,18.16,16.97,-,-0.45%
26-Apr-21,17.64,17.94,18.17,16.87,-,1.79%
23-Apr-21,17.33,18.56,18.78,16.8,-,-7.38%
22-Apr-21,18.71,17.28,19.9,16.99,-,6.91%
21-Apr-21,17.5,18.48,19.29,16.91,-,-6.32%
20-Apr-21,18.68,17.36,19.7,17.24,-,8.04%
19-Apr-21,17.29,17.04,18.61,16.78,-,6.40%
16-Apr-21,16.25,16.65,16.88,16.05,-,-1.93%
15-Apr-21,16.57,16.78,16.92,15.94,-,-2.47%
14-Apr-21,16.99,16.71,17.69,15.38,-,2.04%
13-Apr-21,16.65,16.99,17.86,16.43,-,-1.54%
12-Apr-21,16.91,17.43,17.91,16.81,-,1.32%
9-Apr-21,16.69,17.05,17.34,16.2,-,-1.53%
8-Apr-21,16.95,16.92,17.36,16.55,-,-1.22%
7-Apr-21,17.16,17.99,18.17,16.87,-,-5.30%
6-Apr-21,18.12,18.07,18.3,17.37,-,1.17%
5-Apr-21,17.91,18.16,18.4,17.35,-,3.35%
2-Apr-21,17.33,17.33,17.33,17.33,-,0.00%
1-Apr-21,17.33,18.6,18.64,17.29,-,-10.67%
31-Mar-21,19.4,19.8,20.11,18.85,-,-1.07%
30-Mar-21,19.61,20.76,21.75,19.47,-,-5.45%
29-Mar-21,20.74,20.4,21.6,19.42,-,9.97%
26-Mar-21,18.86,19.32,21.49,18.68,-,-4.80%
25-Mar-21,19.81,20.8,23.55,19.81,-,-6.56%
24-Mar-21,21.2,20.64,21.49,19.3,-,4.43%
23-Mar-21,20.3,19.46,21.58,18.8,-,7.52%
22-Mar-21,18.88,21.91,22.29,18.87,-,-9.88%
19-Mar-21,20.95,21.43,23.17,19.9,-,-2.92%
18-Mar-21,21.58,18.95,22.6,18.95,-,12.22%
17-Mar-21,19.23,20.1,20.95,19.18,-,-2.83%
16-Mar-21,19.79,20.14,20.31,19.33,-,-1.20%
15-Mar-21,20.03,21.84,21.86,19.87,-,-3.19%
12-Mar-21,20.69,22.57,22.99,20.63,-,-5.57%
11-Mar-21,21.91,22.5,22.5,21.45,-,-2.88%
10-Mar-21,22.56,23.76,23.87,22.38,-,-6.12%
9-Mar-21,24.03,25.11,25.25,22.9,-,-5.65%
8-Mar-21,25.47,27.61,28.39,24.07,-,3.28%
5-Mar-21,24.66,29.48,30.03,24.33,-,-13.69%
4-Mar-21,28.57,26.52,31.9,24.93,-,7.12%
3-Mar-21,26.67,22.8,26.79,22.45,-,10.66%
2-Mar-21,24.1,23.58,24.6,22.8,-,3.21%
1-Mar-21,23.35,25.2,25.39,23.17,-,-16.46%
26-Feb-21,27.95,28.73,30.82,25.23,-,-3.25%
25-Feb-21,28.89,21.73,31.16,21.52,-,35.38%
24-Feb-21,21.34,23.76,25.04,21.31,-,-7.66%
23-Feb-21,23.11,22.82,27.01,22.5,-,-1.45%
22-Feb-21,23.45,24.46,25.09,21.96,-,6.35%
19-Feb-21,22.05,23.1,23.19,20.84,-,-1.96%
18-Feb-21,22.49,21.98,24.23,21.8,-,4.60%
17-Feb-21,21.5,22.02,23.44,21.09,-,0.19%
16-Feb-21,21.46,21.13,22.46,20.88,-,7.46%
12-Feb-21,19.97,21.6,22.45,19.95,-,-6.02%
11-Feb-21,21.25,22.09,23.25,21.11,-,-3.37%
10-Feb-21,21.99,21.64,23.85,19.69,-,1.66%
9-Feb-21,21.63,21.57,22.26,20.65,-,1.84%
8-Feb-21,21.24,21.89,22.07,21.23,-,1.77%
5-Feb-21,20.87,21.99,22.16,20.86,-,-4.13%
4-Feb-21,21.77,23.44,23.44,21.68,-,-4.98%
3-Feb-21,22.91,24.59,25.43,22.91,-,-10.37%
2-Feb-21,25.56,28.01,28.08,25.31,-,-15.48%
1-Feb-21,30.24,31.45,33.96,29.03,-,-8.61%
29-Jan-21,33.09,35.16,37.51,29.24,-,9.53%
28-Jan-21,30.21,33.25,36.29,27.39,-,-18.81%
27-Jan-21,37.21,23.82,37.21,23.71,-,61.64%
26-Jan-21,23.02,23.91,23.94,22.55,-,-0.73%
25-Jan-21,23.19,22.31,26.63,22.2,-,5.84%
22-Jan-21,21.91,22.24,23.73,21.27,-,2.77%
21-Jan-21,21.32,21.34,22.22,21.09,-,-1.20%
20-Jan-21,21.58,22.82,22.86,21.37,-,-7.14%
19-Jan-21,23.24,23.03,23.56,22.53,-,-4.52%
15-Jan-21,24.34,23.52,25.8,23.08,-,4.69%
14-Jan-21,23.25,22.22,23.47,21.66,-,4.68%
13-Jan-21,22.21,23.07,24.18,21.92,-,-4.80%
12-Jan-21,23.33,23.49,25.15,22.83,-,-3.11%
11-Jan-21,24.08,23.31,24.81,23.23,-,11.69%
8-Jan-21,21.56,22.43,23.34,21.42,-,-3.62%
7-Jan-21,22.37,23.67,23.91,22.25,-,-10.77%
6-Jan-21,25.07,25.48,26.77,22.14,-,-1.07%
5-Jan-21,25.34,26.94,28.6,24.8,-,-6.04%
4-Jan-21,26.97,23.04,29.19,22.56,-,18.55%
31-Dec-20,22.75,22.99,23.25,21.24,-,-0.09%
30-Dec-20,22.77,22.58,23.15,22.41,-,-1.34%
29-Dec-20,23.08,21.61,23.72,20.99,-,6.36%
28-Dec-20,21.7,22.11,22.12,21.15,-,0.79%
25-Dec-20,21.53,21.53,21.53,21.53,-,0.00%
24-Dec-20,21.53,22.47,22.83,21.39,-,-7.64%
23-Dec-20,23.31,23.49,23.68,22.13,-,-3.80%
22-Dec-20,24.23,25.24,25.56,23.53,-,-3.70%
21-Dec-20,25.16,24.25,31.46,24.23,-,16.64%
18-Dec-20,21.57,22.15,23.77,21.57,-,-1.64%
17-Dec-20,21.93,21.98,22.27,21.52,-,-2.53%
16-Dec-20,22.5,22.51,23.67,22.29,-,-1.70%
15-Dec-20,22.89,24,24.07,22.73,-,-7.40%
14-Dec-20,24.72,22.67,24.82,21.95,-,6.05%
11-Dec-20,23.31,22.49,25.14,22.48,-,3.51%
10-Dec-20,22.52,22.12,23.46,21.53,-,1.12%
9-Dec-20,22.27,20.66,22.93,20.1,-,7.69%
8-Dec-20,20.68,21.65,22.25,20.52,-,-2.91%
7-Dec-20,21.3,22.04,22.62,21.17,-,2.45%
4-Dec-20,20.79,21.05,21.15,19.97,-,-2.30%
3-Dec-20,21.28,21.24,21.88,20.72,-,0.52%
2-Dec-20,21.17,21,21.25,20.04,-,1.93%
1-Dec-20,20.77,20.21,20.92,20,-,0.97%
30-Nov-20,20.57,22.64,22.89,20.48,-,-1.30%
27-Nov-20,20.84,21.52,21.6,19.51,-,-1.93%
26-Nov-20,21.25,21.25,21.25,21.25,-,0.00%
25-Nov-20,21.25,21.65,22.5,21.13,-,-1.80%
24-Nov-20,21.64,22.04,22.48,20.8,-,-4.50%
23-Nov-20,22.66,23.66,23.96,22.45,-,-4.39%
20-Nov-20,23.7,23.43,23.73,22.13,-,2.55%
19-Nov-20,23.11,23.62,24.52,22.56,-,-3.06%
18-Nov-20,23.84,22.86,23.92,21.66,-,4.98%
17-Nov-20,22.71,22.84,24.09,22.34,-,1.16%
16-Nov-20,22.45,23.66,24.08,22.43,-,-2.81%
13-Nov-20,23.1,24.94,25.03,22.74,-,-8.88%
12-Nov-20,25.35,24.39,27.27,23.53,-,8.10%
11-Nov-20,23.45,25.01,25.12,22.57,-,-5.44%
10-Nov-20,24.8,25.36,26.77,24.35,-,-3.69%
9-Nov-20,25.75,24.8,25.82,22.41,-,3.58%
6-Nov-20,24.86,27.87,29.44,24.56,-,-9.86%
5-Nov-20,27.58,27.56,28.14,26.04,-,-6.73%
4-Nov-20,29.57,36.79,36.85,28.03,-,-16.82%
3-Nov-20,35.55,36.44,36.44,34.19,-,-4.26%
2-Nov-20,37.13,38.57,38.78,36.13,-,-2.34%
30-Oct-20,38.02,40.81,41.09,36.5,-,1.14%
29-Oct-20,37.59,38.8,41.16,35.63,-,-6.68%
28-Oct-20,40.28,34.69,40.77,34.68,-,20.78%
27-Oct-20,33.35,32.04,33.77,31.85,-,2.74%
26-Oct-20,32.46,29.38,33.68,29.22,-,17.82%
23-Oct-20,27.55,28.47,28.67,27.26,-,-1.99%
22-Oct-20,28.11,30.1,30.12,27.68,-,-1.88%
21-Oct-20,28.65,29.12,30.55,28.37,-,-2.39%
20-Oct-20,29.35,28.81,29.6,28.29,-,0.58%
19-Oct-20,29.18,27.36,29.69,27.04,-,6.46%
16-Oct-20,27.41,27.16,27.46,26.19,-,1.63%
15-Oct-20,26.97,27.1,29.06,26.82,-,2.16%
14-Oct-20,26.4,25.72,27.23,25.53,-,1.27%
13-Oct-20,26.07,25.67,26.93,25.16,-,3.99%
12-Oct-20,25.07,25.65,25.65,24.14,-,0.28%
9-Oct-20,25,26.2,26.22,24.03,-,-5.16%
8-Oct-20,26.36,27.65,27.99,24.88,-,-6.06%
7-Oct-20,28.06,29.26,29.76,27.94,-,-4.82%
6-Oct-20,29.48,28.05,30,26.01,-,5.44%
5-Oct-20,27.96,29.52,29.69,27.27,-,1.19%
2-Oct-20,27.63,28.87,29.9,26.93,-,3.48%
1-Oct-20,26.7,25.78,27.11,25.33,-,1.25%
30-Sep-20,26.37,26.69,27.12,25.06,-,0.38%
29-Sep-20,26.27,26.81,27.43,25.98,-,0.31%
28-Sep-20,26.19,27.15,27.19,24.9,-,-0.72%
25-Sep-20,26.38,28.17,30.43,26.02,-,-7.47%
24-Sep-20,28.51,29.54,30.49,27.94,-,-0.24%
23-Sep-20,28.58,27.02,29.73,25.19,-,6.40%
22-Sep-20,26.86,28.61,28.78,26.48,-,-3.31%
21-Sep-20,27.78,28.04,31.18,27.39,-,7.55%
18-Sep-20,25.83,26.65,28.1,25.28,-,-2.38%
17-Sep-20,26.46,28.22,28.92,26.26,-,1.61%
16-Sep-20,26.04,25.31,26.59,24.84,-,1.76%
15-Sep-20,25.59,25.92,26,24.92,-,-1.01%
14-Sep-20,25.85,25.86,26.79,25.38,-,-3.80%
11-Sep-20,26.87,28.63,29.73,26.51,-,-9.56%
10-Sep-20,29.71,28.67,30.56,27.59,-,3.12%
9-Sep-20,28.81,31.68,31.78,28.12,-,-8.42%
8-Sep-20,31.46,30.61,35.93,30.52,-,2.31%
4-Sep-20,30.75,34.62,38.28,29.5,-,-8.48%
3-Sep-20,33.6,26.28,35.94,25.66,-,26.46%
2-Sep-20,26.57,26.01,27.07,25.53,-,1.72%
1-Sep-20,26.12,25.86,26.59,25.02,-,-1.10%
31-Aug-20,26.41,23.91,26.5,21.77,-,15.03%
28-Aug-20,22.96,24.59,26.3,22.64,-,-6.17%
27-Aug-20,24.47,23.42,27.09,21.44,-,5.16%
26-Aug-20,23.27,22.14,23.27,20.92,-,5.63%
25-Aug-20,22.03,22.16,23.43,21.53,-,-1.52%
24-Aug-20,22.37,22.87,23.18,21.25,-,-0.75%
21-Aug-20,22.54,22.58,24.47,22.06,-,-0.79%
20-Aug-20,22.72,24.1,24.6,22.37,-,0.80%
19-Aug-20,22.54,21.6,22.98,20.99,-,4.79%
18-Aug-20,21.51,21.69,22.55,21.18,-,0.75%
17-Aug-20,21.35,22.52,22.82,21.34,-,-3.17%
14-Aug-20,22.05,22.27,23.55,21.79,-,-0.36%
13-Aug-20,22.13,22.2,22.92,21.45,-,-0.67%
12-Aug-20,22.28,22.82,22.88,21.54,-,-7.28%
11-Aug-20,24.03,21.85,24.93,20.28,-,8.59%
10-Aug-20,22.13,22.88,23.52,21.46,-,-0.36%
7-Aug-20,22.21,23.45,24.02,22.02,-,-1.94%
6-Aug-20,22.65,23.03,24.11,20.97,-,-1.48%
5-Aug-20,22.99,23.44,23.61,22.86,-,-3.24%
4-Aug-20,23.76,24.01,24.76,22.92,-,-2.14%
3-Aug-20,24.28,25.75,26.01,22.17,-,-0.74%
31-Jul-20,24.46,24.79,26.41,23.55,-,-1.21%
30-Jul-20,24.76,25.04,28.29,24.64,-,2.74%
29-Jul-20,24.1,25.16,25.42,23.73,-,-5.27%
28-Jul-20,25.44,24.86,25.85,24.05,-,2.83%
27-Jul-20,24.74,26.6,26.94,24.55,-,-4.26%
24-Jul-20,25.84,27.96,28.58,25.53,-,-0.92%
23-Jul-20,26.08,23.97,26.95,23.6,-,7.24%
22-Jul-20,24.32,24.56,26.26,24.13,-,-2.09%
21-Jul-20,24.84,24.08,25.65,23.61,-,1.55%
20-Jul-20,24.46,26.94,27.08,24.35,-,-4.75%
17-Jul-20,25.68,27.15,27.54,25.41,-,-8.29%
16-Jul-20,28,28.41,29.29,26.98,-,0.86%
15-Jul-20,27.76,29.15,30.09,27.17,-,-5.96%
14-Jul-20,29.52,31.14,33.67,29.21,-,-8.29%
13-Jul-20,32.19,27.85,32.45,26.87,-,17.96%
10-Jul-20,27.29,30.86,30.91,27.13,-,-6.73%
9-Jul-20,29.26,28.18,31.48,26.11,-,4.20%
8-Jul-20,28.08,28.95,30.2,27.24,-,-4.59%
7-Jul-20,29.43,28.77,29.63,27.25,-,5.33%
6-Jul-20,27.94,27.76,28.33,24.92,-,0.94%
3-Jul-20,27.68,27.68,27.68,27.68,-,0.00%
2-Jul-20,27.68,28.33,28.44,25.9,-,-3.28%
1-Jul-20,28.62,30.96,31.76,28.2,-,-5.95%
30-Jun-20,30.43,32.54,32.94,29.56,-,-4.25%
29-Jun-20,31.78,35.05,36.31,31.78,-,-8.49%
26-Jun-20,34.73,33.01,36.25,31.04,-,7.79%
25-Jun-20,32.22,36.59,36.93,31.59,-,-4.79%
24-Jun-20,33.84,31.05,37.12,30.95,-,7.87%
23-Jun-20,31.37,31.71,31.71,29.26,-,-1.26%
22-Jun-20,31.77,35.22,35.39,31.64,-,-9.54%
19-Jun-20,35.12,32.07,35.12,30.4,-,6.62%
18-Jun-20,32.94,33.83,36.25,32.24,-,-1.58%
17-Jun-20,33.47,33.28,35.17,32.25,-,-0.59%
16-Jun-20,33.67,34.28,37.45,31.73,-,-2.12%
15-Jun-20,34.4,44.09,44.44,34.28,-,-4.68%
12-Jun-20,36.09,37.68,44.16,34.97,-,-11.52%
11-Jun-20,40.79,30.45,42.58,29.49,-,47.95%
10-Jun-20,27.57,26.73,29.01,26.06,-,0.00%
9-Jun-20,27.57,25.93,27.7,25.71,-,6.82%
8-Jun-20,25.81,25.56,25.98,24.65,-,5.26%
5-Jun-20,24.52,24.79,25.09,23.54,-,-5.00%
4-Jun-20,25.81,26.23,26.43,24.38,-,0.58%
3-Jun-20,25.66,26.75,26.98,25.04,-,-4.40%
2-Jun-20,26.84,28.4,28.52,26.66,-,-4.92%
1-Jun-20,28.23,28.94,30.6,28.11,-,2.62%
29-May-20,27.51,29.3,30.16,27.29,-,-3.78%
28-May-20,28.59,27.82,29.89,27.43,-,3.51%
27-May-20,27.62,27.62,30.53,25.92,-,-1.39%
26-May-20,28.01,27.72,28.58,27.18,-,-0.53%
22-May-20,28.16,31.36,31.55,28.03,-,-4.64%
21-May-20,29.53,28.97,30.2,27.67,-,5.50%
20-May-20,27.99,29.52,29.83,27.83,-,-8.32%
19-May-20,30.53,28.73,30.74,28.37,-,4.20%
18-May-20,29.3,30.71,31.08,28.35,-,-8.12%
15-May-20,31.89,32.5,35.13,31.04,-,-2.21%
14-May-20,32.61,35.16,39.28,32.33,-,-7.57%
13-May-20,35.28,32.74,37.42,30.77,-,6.78%
12-May-20,33.04,28.47,33.04,26,-,19.84%
11-May-20,27.57,28.46,31.46,26.97,-,-1.47%
8-May-20,27.98,30.14,30.39,27.89,-,-11.01%
7-May-20,31.44,32.12,32.28,30.37,-,-7.85%
6-May-20,34.12,32.69,35.69,31.68,-,1.52%
5-May-20,33.61,34.82,36.22,31.95,-,-6.56%
4-May-20,35.97,39.13,40.32,35.53,-,-3.28%
1-May-20,37.19,38.17,39.57,36.59,-,8.90%
30-Apr-20,34.15,30.99,35.94,30.93,-,9.35%
29-Apr-20,31.23,32.48,33.19,30.71,-,-6.97%
28-Apr-20,33.57,33.21,35.39,30.54,-,0.84%
27-Apr-20,33.29,36.29,36.44,32.51,-,-7.35%
24-Apr-20,35.93,41.91,42.08,35.6,-,-13.17%
23-Apr-20,41.38,41.3,42.47,39.06,-,-1.43%
22-Apr-20,41.98,44.91,45.07,41.41,-,-7.55%
21-Apr-20,45.41,44.28,47.77,43.77,-,3.60%
20-Apr-20,43.83,40.68,43.83,39.88,-,14.89%
17-Apr-20,38.15,39.5,40.26,37.63,-,-4.89%
16-Apr-20,40.11,41.92,43.02,39.87,-,-1.79%
15-Apr-20,40.84,39.4,43.23,39.34,-,8.16%
14-Apr-20,37.76,40.24,40.57,37.31,-,-8.28%
13-Apr-20,41.17,44.6,45.04,41.17,-,-1.20%
9-Apr-20,41.67,43,45.73,41.39,-,-3.88%
8-Apr-20,43.35,45.9,47.28,42.53,-,-7.17%
7-Apr-20,46.7,44.83,47.51,43.51,-,3.23%
6-Apr-20,45.24,44.17,45.73,43.45,-,-3.33%
3-Apr-20,46.8,51.11,52.29,46.74,-,-8.07%
2-Apr-20,50.91,54.46,57.24,50.45,-,-10.78%
1-Apr-20,57.06,57.38,60.59,52.76,-,6.57%
31-Mar-20,53.54,56.69,58.75,50.88,-,-6.20%
30-Mar-20,57.08,66.3,67.69,56.6,-,-12.91%
27-Mar-20,65.54,64.95,69.1,61.8,-,7.44%
26-Mar-20,61,65.67,67.06,57.66,-,-4.61%
25-Mar-20,63.95,61.44,68.86,58.03,-,3.70%
24-Mar-20,61.67,58.76,61.88,36.24,-,0.13%
23-Mar-20,61.59,74.08,76.74,60.46,-,-6.74%
20-Mar-20,66.04,67.86,69.51,57.42,-,-8.28%
19-Mar-20,72,80.62,84.26,68.57,-,-5.82%
18-Mar-20,76.45,69.37,85.47,69.37,-,0.71%
17-Mar-20,75.91,82.69,84.83,70.37,-,-8.20%
16-Mar-20,82.69,57.83,83.56,57.83,-,42.99%
13-Mar-20,57.83,71.31,77.57,55.17,-,-23.37%
12-Mar-20,75.47,61.46,76.83,59.91,-,40.02%
11-Mar-20,53.9,52.24,55.82,49.98,-,13.95%
10-Mar-20,47.3,49.68,55.66,43.56,-,-13.15%
9-Mar-20,54.46,41.94,62.12,41.94,-,29.85%
6-Mar-20,41.94,41.46,54.39,40.84,-,5.86%
5-Mar-20,39.62,33.61,42.84,33.54,-,23.85%
4-Mar-20,31.99,34.44,35.58,30.3,-,-13.12%
3-Mar-20,36.82,33.64,41.06,24.93,-,10.17%
2-Mar-20,33.42,34.86,43.77,31.5,-,-16.68%
28-Feb-20,40.11,42.02,49.48,39.37,-,2.43%
27-Feb-20,39.16,28.95,39.31,27.79,-,42.09%
26-Feb-20,27.56,26.63,29.57,24.76,-,-1.04%
25-Feb-20,27.85,22.19,30.25,22.19,-,11.27%
24-Feb-20,25.03,22.25,26.35,22,-,46.55%
21-Feb-20,17.08,17.33,18.21,16.19,-,9.77%
20-Feb-20,15.56,14.54,17.21,14.49,-,8.21%
19-Feb-20,14.38,14.66,14.74,14.21,-,-3.03%
18-Feb-20,14.83,14.98,15.49,14.53,-,8.41%
14-Feb-20,13.68,14.12,14.54,13.38,-,-3.32%
13-Feb-20,14.15,14.43,15.44,14,-,2.98%
12-Feb-20,13.74,14.86,14.88,13.73,-,-9.49%
11-Feb-20,15.18,14.91,15.27,14.38,-,0.93%
10-Feb-20,15.04,15.88,16.43,15.01,-,-2.78%
7-Feb-20,15.47,15.07,16.16,14.81,-,3.41%
6-Feb-20,14.96,15.13,15.66,14.7,-,-1.25%
5-Feb-20,15.15,16.29,16.32,15.02,-,-5.61%
4-Feb-20,16.05,16.45,16.46,15.63,-,-10.68%
3-Feb-20,17.97,18.64,18.88,17.1,-,-4.62%
31-Jan-20,18.84,16.25,19.99,16.18,-,21.63%
30-Jan-20,15.49,17.82,18.39,15.3,-,-5.49%
29-Jan-20,16.39,15.68,16.65,14.94,-,0.68%
28-Jan-20,16.28,16.94,18.03,15.69,-,-10.70%
27-Jan-20,18.23,17.42,19.02,16.82,-,25.21%
24-Jan-20,14.56,12.75,15.98,12.62,-,12.17%
23-Jan-20,12.98,13.26,14.15,12.94,-,0.54%
22-Jan-20,12.91,12.45,13.01,12.31,-,0.47%
21-Jan-20,12.85,13.23,13.33,12.32,-,6.20%
17-Jan-20,12.1,12.21,12.48,11.75,-,-1.79%
16-Jan-20,12.32,12.2,12.42,11.78,-,-0.81%
15-Jan-20,12.42,12.79,12.83,11.95,-,0.24%
14-Jan-20,12.39,12.72,13.82,12.05,-,0.57%
13-Jan-20,12.32,12.84,13.09,12.32,-,-1.91%
10-Jan-20,12.56,12.42,12.87,12.09,-,0.16%
9-Jan-20,12.54,12.95,13.24,12.53,-,-6.77%
8-Jan-20,13.45,15.16,15.24,12.83,-,-2.47%
7-Jan-20,13.79,13.84,14.46,13.39,-,-0.43%
6-Jan-20,13.85,15.45,16.39,13.54,-,-1.21%
3-Jan-20,14.02,15.01,16.2,13.13,-,12.43%
2-Jan-20,12.47,13.46,13.72,12.42,-,-9.51%
31-Dec-19,13.78,14.84,15.39,13.75,-,-7.02%
30-Dec-19,14.82,13.74,15.14,13.44,-,10.35%
27-Dec-19,13.43,12.61,13.72,11.89,-,6.17%
26-Dec-19,12.65,12.74,12.75,11.72,-,-0.16%
24-Dec-19,12.67,12.65,12.84,12.56,-,0.48%
23-Dec-19,12.61,12.81,12.9,12.41,-,0.80%
20-Dec-19,12.51,12.55,12.61,12.04,-,0.08%
19-Dec-19,12.5,12.55,12.78,12.43,-,-0.64%
18-Dec-19,12.58,12.24,12.7,11.93,-,2.36%
17-Dec-19,12.29,12.23,12.47,11.9,-,1.24%
16-Dec-19,12.14,12.47,12.53,11.71,-,-3.88%
13-Dec-19,12.63,13.18,14.35,12.54,-,-9.40%
12-Dec-19,13.94,14.94,15.55,13.6,-,-7.00%
11-Dec-19,14.99,15.57,15.97,14.98,-,-4.40%
10-Dec-19,15.68,15.8,16.9,14.93,-,-1.13%
9-Dec-19,15.86,14.25,16.07,12.25,-,16.45%
6-Dec-19,13.62,14.37,14.47,13.19,-,-6.20%
5-Dec-19,14.52,14.46,15.37,14.17,-,-1.89%
4-Dec-19,14.8,16.38,16.4,14.12,-,-7.27%
3-Dec-19,15.96,14.68,17.99,14.61,-,7.04%
2-Dec-19,14.91,12.69,15.27,12.55,-,18.15%
29-Nov-19,12.62,12.5,12.83,12.12,-,7.40%
27-Nov-19,11.75,11.55,11.79,11.44,-,1.82%
26-Nov-19,11.54,11.88,12.04,11.42,-,-2.78%
25-Nov-19,11.87,12.51,12.59,11.73,-,-3.81%
22-Nov-19,12.34,12.82,13.25,12.33,-,-6.02%
21-Nov-19,13.13,13.35,13.86,12.49,-,2.74%
20-Nov-19,12.78,13.42,14.17,12.61,-,-0.62%
19-Nov-19,12.86,12.33,13.01,12.16,-,3.21%
18-Nov-19,12.46,12.39,13.1,12.32,-,3.40%
15-Nov-19,12.05,12.95,12.97,11.92,-,-7.66%
14-Nov-19,13.05,13.16,13.81,12.93,-,0.38%
13-Nov-19,13,12.91,13.9,12.88,-,2.52%
12-Nov-19,12.68,12.64,13.1,12.36,-,-0.08%
11-Nov-19,12.69,13.15,13.49,12.66,-,5.14%
8-Nov-19,12.07,12.98,13.05,12,-,-5.18%
7-Nov-19,12.73,12.59,12.89,12.26,-,0.87%
6-Nov-19,12.62,13.18,13.39,12.6,-,-3.66%
5-Nov-19,13.1,12.85,13.28,12.25,-,2.10%
4-Nov-19,12.83,12.68,13.13,12.44,-,4.31%
1-Nov-19,12.3,12.99,13.12,12.25,-,-6.96%
31-Oct-19,13.22,12.21,13.95,12.19,-,7.22%
30-Oct-19,12.33,13.23,13.77,12.27,-,-6.59%
29-Oct-19,13.2,13.16,13.52,13.07,-,0.69%
28-Oct-19,13.11,13.01,13.14,12.66,-,3.64%
25-Oct-19,12.65,13.53,13.79,12.62,-,-7.73%
24-Oct-19,13.71,13.98,14.34,13.4,-,-2.14%
23-Oct-19,14.01,14.83,15.12,14.01,-,-3.11%
22-Oct-19,14.46,13.99,14.61,13.7,-,3.29%
21-Oct-19,14,14.24,14.63,14,-,-1.75%
18-Oct-19,14.25,14.2,15.16,13.78,-,3.34%
17-Oct-19,13.79,13.79,14.18,13.31,-,0.80%
16-Oct-19,13.68,13.94,14.26,13.6,-,1.03%
15-Oct-19,13.54,13.94,14.43,13.39,-,-7.07%
14-Oct-19,14.57,15.66,16.5,14.51,-,-6.48%
11-Oct-19,15.58,17.35,17.44,15.11,-,-11.33%
10-Oct-19,17.57,19.28,19.8,17.56,-,-5.74%
9-Oct-19,18.64,19.94,20,17.77,-,-8.09%
8-Oct-19,20.28,17.61,20.38,17.42,-,13.55%
7-Oct-19,17.86,18.27,18.52,16.44,-,4.81%
4-Oct-19,17.04,19.42,19.97,16.97,-,-10.88%
3-Oct-19,19.12,20.11,21.44,19.03,-,-7.00%
2-Oct-19,20.56,18.75,21.46,18.75,-,10.78%
1-Oct-19,18.56,16.02,18.62,15.79,-,14.29%
30-Sep-19,16.24,17.23,17.35,16.2,-,-5.69%
27-Sep-19,17.22,15.77,18.69,15.15,-,7.16%
26-Sep-19,16.07,16.23,17.09,15.35,-,0.69%
25-Sep-19,15.96,17.05,18.45,15.69,-,-6.39%
24-Sep-19,17.05,14.77,17.62,14.33,-,14.35%
23-Sep-19,14.91,15.35,16,14.71,-,-2.68%
20-Sep-19,15.32,13.94,15.84,13.35,-,9.04%
19-Sep-19,14.05,14.66,14.66,13.31,-,0.72%
18-Sep-19,13.95,14.61,15.8,13.8,-,-3.39%
17-Sep-19,14.44,14.92,15.03,14.4,-,-1.57%
16-Sep-19,14.67,14.89,15.29,14.5,-,6.77%
13-Sep-19,13.74,14.16,14.31,13.51,-,-3.38%
12-Sep-19,14.22,14.69,14.94,13.85,-,-2.67%
11-Sep-19,14.61,15.33,15.52,14.55,-,-3.88%
10-Sep-19,15.2,15.53,16.52,15.11,-,-0.46%
9-Sep-19,15.27,15.26,16.13,14.95,-,1.80%
6-Sep-19,15,15.92,16.06,14.91,-,-7.81%
5-Sep-19,16.27,16.92,17.05,15.45,-,-6.12%
4-Sep-19,17.33,18.23,18.83,17.26,-,-11.85%
3-Sep-19,19.66,20.96,21.15,19.41,-,3.58%
30-Aug-19,18.98,17.94,19.18,17.09,-,6.15%
29-Aug-19,17.88,19.02,19.2,17.6,-,-7.60%
28-Aug-19,19.35,20.55,21.64,19.1,-,-4.73%
27-Aug-19,20.31,20.18,21.04,18.49,-,5.12%
26-Aug-19,19.32,20.34,21.33,19.06,-,-2.77%
23-Aug-19,19.87,16.15,21.07,16.04,-,19.12%
22-Aug-19,16.68,16.12,17.68,15.63,-,5.57%
21-Aug-19,15.8,17.01,17.04,15.51,-,-9.71%
20-Aug-19,17.5,16.78,17.7,16.45,-,3.67%
19-Aug-19,16.88,17.93,18.22,16.52,-,-8.61%
16-Aug-19,18.47,20.48,20.5,18.41,-,-12.80%
15-Aug-19,21.18,21.58,24.1,20.78,-,-4.16%
14-Aug-19,22.1,17.81,22.71,17.75,-,26.14%
13-Aug-19,17.52,21.28,21.64,17.52,-,-16.93%
12-Aug-19,21.09,17.87,21.26,17.77,-,17.36%
9-Aug-19,17.97,18.14,19.44,17.31,-,6.27%
8-Aug-19,16.91,19.36,19.89,16.82,-,-13.24%
7-Aug-19,19.49,20.7,23.67,18.94,-,-3.37%
6-Aug-19,20.17,22.29,22.87,19.77,-,-17.97%
5-Aug-19,24.59,19.96,24.81,19.91,-,39.64%
2-Aug-19,17.61,17.69,20.11,17.04,-,-1.45%
1-Aug-19,17.87,15.41,19.46,13.73,-,10.86%
31-Jul-19,16.12,13.83,16.55,13.46,-,15.64%
30-Jul-19,13.94,12.87,14.18,12.87,-,8.65%
29-Jul-19,12.83,12.15,13.17,12.15,-,5.51%
26-Jul-19,12.16,12.58,12.72,12.01,-,-4.55%
25-Jul-19,12.74,12.24,13.54,11.69,-,5.55%
24-Jul-19,12.07,12.8,13.1,11.98,-,-4.28%
23-Jul-19,12.61,13.42,13.52,12.55,-,-6.80%
22-Jul-19,13.53,14.55,14.7,13.42,-,-6.37%
19-Jul-19,14.45,13.31,14.45,13.09,-,6.80%
18-Jul-19,13.53,14.45,14.5,13.19,-,-3.15%
17-Jul-19,13.97,12.62,13.97,12.24,-,8.63%
16-Jul-19,12.86,12.61,13.14,12.28,-,1.42%
15-Jul-19,12.68,12.58,13.02,12.49,-,2.34%
12-Jul-19,12.39,12.76,12.82,12.28,-,-4.18%
11-Jul-19,12.93,13.01,13.33,12.39,-,-0.77%
10-Jul-19,13.03,14.38,14.69,12.98,-,-7.52%
9-Jul-19,14.09,14.47,14.71,13.99,-,0.93%
8-Jul-19,13.96,13.73,14.44,13.64,-,5.12%
5-Jul-19,13.28,13,14.47,12.04,-,5.65%
3-Jul-19,12.57,13.18,13.19,12.56,-,-2.78%
2-Jul-19,12.93,14.16,14.3,12.9,-,-8.04%
1-Jul-19,14.06,13.85,14.64,13.8,-,-6.76%
28-Jun-19,15.08,15.7,16.13,15.08,-,-4.68%
27-Jun-19,15.82,15.66,16.4,15.66,-,-2.41%
26-Jun-19,16.21,16.1,16.6,15.47,-,-0.43%
25-Jun-19,16.28,15.43,16.68,15.1,-,6.68%
24-Jun-19,15.26,15.46,15.56,15.23,-,-0.91%
21-Jun-19,15.4,14.74,15.48,14.42,-,4.41%
20-Jun-19,14.75,14.04,16.03,13.19,-,2.93%
19-Jun-19,14.33,15.05,15.71,14.15,-,-5.41%
18-Jun-19,15.15,14.89,15.54,14.62,-,-1.30%
17-Jun-19,15.35,15.65,15.76,15.24,-,0.46%
14-Jun-19,15.28,16,16.4,15.21,-,-3.41%
13-Jun-19,15.82,16.16,16.21,15.61,-,-0.57%
12-Jun-19,15.91,16.26,16.43,15.78,-,-0.50%
11-Jun-19,15.99,15.84,16.7,15.5,-,0.31%
10-Jun-19,15.94,16.3,16.47,15.84,-,-2.21%
7-Jun-19,16.3,15.65,16.44,15.33,-,2.32%
6-Jun-19,15.93,16.25,16.54,15.36,-,-0.99%
5-Jun-19,16.09,17.06,17.49,16.04,-,-5.19%
4-Jun-19,16.97,18.74,18.74,16.97,-,-10.02%
3-Jun-19,18.86,19.41,19.75,18.16,-,0.80%
31-May-19,18.71,19.05,19.72,18.01,-,8.15%
30-May-19,17.3,17.47,18.11,16.72,-,-3.35%
29-May-19,17.9,18.55,19.04,17.62,-,2.29%
28-May-19,17.5,16.55,17.7,15.9,-,10.41%
24-May-19,15.85,16.34,16.52,15.52,-,-6.32%
23-May-19,16.92,15.93,18.05,15.28,-,14.71%
22-May-19,14.75,15.06,15.44,14.42,-,-1.34%
21-May-19,14.95,15.86,16.22,14.79,-,-8.34%
20-May-19,16.31,15.88,17.63,15.46,-,2.19%
17-May-19,15.96,15.89,16.81,14.86,-,4.38%
16-May-19,15.29,16.69,17.13,15.16,-,-7.00%
15-May-19,16.44,17.57,19.15,16.41,-,-8.97%
14-May-19,18.06,19.4,19.65,17.45,-,-12.12%
13-May-19,20.55,18.62,21.32,18.35,-,28.12%
10-May-19,16.04,18.79,20.19,15.57,-,-16.02%
9-May-19,19.1,21.4,23.38,18.87,-,-1.55%
8-May-19,19.4,18.95,21.74,18.29,-,0.41%
7-May-19,19.32,15.9,21.84,15.8,-,25.13%
6-May-19,15.44,12.89,18.8,12.89,-,19.97%
3-May-19,12.87,14.11,14.15,12.8,-,-10.75%
2-May-19,14.42,14.35,15.92,13.8,-,-2.57%
1-May-19,14.8,12.86,14.83,12.74,-,12.80%
30-Apr-19,13.12,13.11,14.05,12.88,-,0.08%
29-Apr-19,13.11,13.04,13.27,12.65,-,2.99%
26-Apr-19,12.73,13.44,13.62,12.49,-,-3.92%
25-Apr-19,13.25,13.29,14.3,12.81,-,0.84%
24-Apr-19,13.14,12.53,13.23,12.26,-,7.00%
23-Apr-19,12.28,12.66,12.69,12.08,-,-1.13%
22-Apr-19,12.42,13.21,13.36,12.38,-,2.73%
19-Apr-19,12.09,12.09,12.09,12.09,-,0.00%
18-Apr-19,12.09,12.8,13.12,12.02,-,-4.05%
17-Apr-19,12.6,12.12,13.02,11.03,-,3.45%
16-Apr-19,12.18,12.26,12.47,11.85,-,-1.14%
15-Apr-19,12.32,12.46,13.14,12.24,-,2.58%
12-Apr-19,12.01,12.96,12.96,11.95,-,-7.76%
11-Apr-19,13.02,13.37,13.58,12.91,-,-2.11%
10-Apr-19,13.3,14.09,14.29,13.27,-,-6.86%
9-Apr-19,14.28,13.46,14.39,13.31,-,8.35%
8-Apr-19,13.18,13.55,13.77,13.1,-,2.81%
5-Apr-19,12.82,13.46,13.47,12.17,-,-5.60%
4-Apr-19,13.58,13.84,14.03,13.4,-,-1.16%
3-Apr-19,13.74,13.06,14.27,12.85,-,2.84%
2-Apr-19,13.36,13.62,13.68,13.13,-,-0.30%
1-Apr-19,13.4,13.9,14.01,13.32,-,-2.26%
29-Mar-19,13.71,14.19,14.43,13.64,-,-4.99%
28-Mar-19,14.43,15.38,15.62,14.41,-,-4.75%
27-Mar-19,15.15,14.52,16.71,14.51,-,3.20%
26-Mar-19,14.68,16.22,16.3,14.67,-,-10.10%
25-Mar-19,16.33,17.76,17.85,16.26,-,-0.91%
22-Mar-19,16.48,13.77,17.52,13.62,-,20.91%
21-Mar-19,13.63,14.11,14.56,13.26,-,-2.01%
20-Mar-19,13.91,13.54,14.3,13.05,-,2.58%
19-Mar-19,13.56,12.89,13.77,12.37,-,3.51%
18-Mar-19,13.1,13.13,13.8,13,-,1.71%
15-Mar-19,12.88,13.21,13.28,12.5,-,-4.59%
14-Mar-19,13.5,13.35,13.84,13.16,-,0.67%
13-Mar-19,13.41,14,14.05,13.25,-,-2.61%
12-Mar-19,13.77,13.97,14.7,13.61,-,-3.91%
11-Mar-19,14.33,16.28,16.43,14.33,-,-10.72%
8-Mar-19,16.05,17.38,18.33,16.02,-,-3.25%
7-Mar-19,16.59,16.33,17.81,15.54,-,5.40%
6-Mar-19,15.74,14.91,16.11,14.74,-,6.78%
5-Mar-19,14.74,14.52,15.39,14.26,-,0.75%
4-Mar-19,14.63,13.77,16.98,13.38,-,7.81%
1-Mar-19,13.57,14.57,14.84,13.41,-,-8.19%
28-Feb-19,14.78,15.17,15.24,14.39,-,0.54%
27-Feb-19,14.7,15.53,16.17,14.7,-,-3.10%
26-Feb-19,15.17,15.16,15.28,14.52,-,2.15%
25-Feb-19,14.85,13.91,14.9,13.44,-,9.92%
22-Feb-19,13.51,14.46,14.47,13.51,-,-6.57%
21-Feb-19,14.46,14,15.17,13.85,-,3.14%
20-Feb-19,14.02,14.92,15.19,13.99,-,-5.78%
19-Feb-19,14.88,15.65,16.16,14.64,-,-0.20%
15-Feb-19,14.91,16.82,16.82,14.79,-,-8.08%
14-Feb-19,16.22,15.61,17.27,15.3,-,3.64%
13-Feb-19,15.65,15.46,15.91,15,-,1.43%
12-Feb-19,15.43,15.23,15.65,14.95,-,-3.38%
11-Feb-19,15.97,16.17,16.5,15.34,-,1.59%
8-Feb-19,15.72,16.81,17.63,15.62,-,-3.97%
7-Feb-19,16.37,15.66,17.89,15.51,-,6.44%
6-Feb-19,15.38,15.44,15.87,15.09,-,-1.22%
5-Feb-19,15.57,15.79,15.94,15.04,-,-1.02%
4-Feb-19,15.73,16.72,16.73,15.6,-,-2.54%
1-Feb-19,16.14,16.63,16.83,16.08,-,-2.60%
31-Jan-19,16.57,17.39,17.72,16.54,-,-6.17%
30-Jan-19,17.66,19.15,19.31,17.54,-,-7.68%
29-Jan-19,19.13,19.45,19.93,18.42,-,1.38%
28-Jan-19,18.87,18.56,20.42,18.42,-,8.32%
25-Jan-19,17.42,18.43,18.46,17.31,-,-7.78%
24-Jan-19,18.89,19.69,20.25,18.63,-,-3.23%
23-Jan-19,19.52,20.85,22.02,19.47,-,-6.15%
22-Jan-19,20.8,18.53,21.15,18.2,-,16.85%
18-Jan-19,17.8,17.8,18.18,17.17,-,-1.44%
17-Jan-19,18.06,19.51,19.72,17.85,-,-5.15%
16-Jan-19,19.04,18.08,19.04,17.76,-,2.37%
15-Jan-19,18.6,18.53,19.2,17.98,-,-2.46%
14-Jan-19,19.07,19.84,20.27,18.7,-,4.84%
11-Jan-19,18.19,19.68,20.16,18.12,-,-6.72%
10-Jan-19,19.5,20.98,21.32,19.29,-,-2.40%
9-Jan-19,19.98,20.44,22.8,19.48,-,-2.39%
8-Jan-19,20.47,20.96,22.03,20.09,-,-4.35%
7-Jan-19,21.4,22.06,22.71,20.91,-,0.09%
4-Jan-19,21.38,24.36,24.48,21.19,-,-15.99%
3-Jan-19,25.45,25.68,26.6,24.05,-,9.60%
2-Jan-19,23.22,27.54,28.53,23.05,-,-8.65%
31-Dec-18,25.42,27.59,27.64,25.33,-,-10.30%
28-Dec-18,28.34,29.97,31.05,27.43,-,-5.41%
27-Dec-18,29.96,31.2,33.8,29.66,-,-1.48%
26-Dec-18,30.41,35.5,36.2,29.59,-,-15.69%
24-Dec-18,36.07,29.29,36.1,29.16,-,19.79%
21-Dec-18,30.11,28.24,31.35,25.71,-,6.10%
20-Dec-18,28.38,26.09,30.3,24.68,-,10.95%
19-Dec-18,25.58,25.15,26.64,22.5,-,0.00%
18-Dec-18,25.58,24.68,26.14,23.64,-,4.32%
17-Dec-18,24.52,22.36,25.88,21.97,-,13.36%
14-Dec-18,21.63,21.57,22.47,20.95,-,4.75%
13-Dec-18,20.65,21,21.57,20.34,-,-3.77%
12-Dec-18,21.46,21.91,21.91,20.5,-,-1.38%
11-Dec-18,21.76,22.96,23.6,21.39,-,-3.89%
10-Dec-18,22.64,23.95,25.94,22.5,-,-2.54%
7-Dec-18,23.23,22.42,24.71,19.9,-,9.63%
6-Dec-18,21.19,23.53,25.94,20.94,-,2.17%
4-Dec-18,20.74,16.84,21.94,16.26,-,26.16%
3-Dec-18,16.44,16.04,17.28,15.94,-,-9.02%
30-Nov-18,18.07,19.18,19.91,18.03,-,-3.83%
29-Nov-18,18.79,18.65,20.48,18.59,-,1.62%
28-Nov-18,18.49,18.87,19.38,18.18,-,-2.79%
27-Nov-18,19.02,19.41,19.93,18.7,-,0.63%
26-Nov-18,18.9,20.78,20.8,18.67,-,-12.17%
23-Nov-18,21.52,21.23,22.65,20.65,-,3.46%
21-Nov-18,20.8,21.66,22.31,20.11,-,-7.47%
20-Nov-18,22.48,20.76,23.81,20.37,-,11.84%
19-Nov-18,20.1,18.78,20.99,18.52,-,10.80%
16-Nov-18,18.14,20.04,21.36,18.1,-,-9.21%
15-Nov-18,19.98,20.41,22.97,19.94,-,-5.98%
14-Nov-18,21.25,20.52,22.36,19.3,-,6.14%
13-Nov-18,20.02,19.45,21.25,19.11,-,-2.10%
12-Nov-18,20.45,17.26,20.71,17.25,-,17.80%
9-Nov-18,17.36,16.87,18.41,16.84,-,3.83%
8-Nov-18,16.72,16.18,17.2,16.09,-,2.20%
7-Nov-18,16.36,18.03,18.05,16.33,-,-17.83%
6-Nov-18,19.91,19.84,20.6,19.69,-,-0.25%
5-Nov-18,19.96,20.58,20.87,19.64,-,2.31%
2-Nov-18,19.51,18.52,21.61,18.05,-,0.88%
1-Nov-18,19.34,20.96,21.21,19.03,-,-8.90%
31-Oct-18,21.23,22.72,22.8,20.39,-,-9.08%
30-Oct-18,23.35,23.94,25.55,23.11,-,-5.47%
29-Oct-18,24.7,24.48,27.86,22.01,-,2.24%
26-Oct-18,24.16,24.51,27.52,23.33,-,-0.25%
25-Oct-18,24.22,24.78,24.78,22.06,-,-4.00%
24-Oct-18,25.23,21.6,26.38,20.4,-,21.83%
23-Oct-18,20.71,22.18,24.66,20.18,-,5.45%
22-Oct-18,19.64,19.38,20.89,18.82,-,-1.26%
19-Oct-18,19.89,19.24,21.08,18.39,-,-0.85%
18-Oct-18,20.06,18.02,21.57,17.51,-,15.29%
17-Oct-18,17.4,17.06,19.55,17.06,-,-1.25%
16-Oct-18,17.62,20.28,20.56,17.55,-,-17.28%
15-Oct-18,21.3,21.97,22.89,19.47,-,-0.05%
12-Oct-18,21.31,21.63,26.8,20.88,-,-14.69%
11-Oct-18,24.98,23.07,28.84,20.65,-,8.80%
10-Oct-18,22.96,16.03,22.96,15.83,-,43.95%
9-Oct-18,15.95,16.12,17.49,15.27,-,1.66%
8-Oct-18,15.69,16.05,18.38,15.69,-,5.87%
5-Oct-18,14.82,14.29,17.36,11.72,-,4.22%
4-Oct-18,14.22,12.84,15.84,12.42,-,22.48%
3-Oct-18,11.61,11.66,12.14,11.34,-,-3.65%
2-Oct-18,12.05,12.47,12.69,11.61,-,0.42%
1-Oct-18,12,11.99,12.4,11.57,-,-0.99%
28-Sep-18,12.12,12.59,13.22,12.09,-,-2.34%
27-Sep-18,12.41,12.77,13,11.94,-,-3.72%
26-Sep-18,12.89,12.21,13.13,11.55,-,3.78%
25-Sep-18,12.42,12.28,12.6,11.8,-,1.80%
24-Sep-18,12.2,12.46,12.92,12.18,-,4.45%
21-Sep-18,11.68,11.76,12.03,11.1,-,-1.02%
20-Sep-18,11.8,11.82,11.96,11.31,-,0.43%
19-Sep-18,11.75,12.61,12.77,11.66,-,-8.13%
18-Sep-18,12.79,13.48,13.48,12.56,-,-6.51%
17-Sep-18,13.68,12.72,13.75,12.32,-,13.34%
14-Sep-18,12.07,12.13,13.15,11.93,-,-2.43%
13-Sep-18,12.37,12.91,12.91,12.3,-,-5.86%
12-Sep-18,13.14,13.07,13.86,12.91,-,-0.61%
11-Sep-18,13.22,13.96,14.92,13.21,-,-6.64%
10-Sep-18,14.16,15.09,15.2,13.93,-,-4.84%
7-Sep-18,14.88,14.72,15.63,14.31,-,1.57%
6-Sep-18,14.65,14.21,15.41,13.72,-,5.32%
5-Sep-18,13.91,13.69,14.3,13.23,-,5.70%
4-Sep-18,13.16,13.13,14.35,13.12,-,2.33%
31-Aug-18,12.86,13.54,14.03,12.82,-,-4.95%
30-Aug-18,13.53,12.25,13.95,12.24,-,10.45%
29-Aug-18,12.25,12.34,12.55,12.09,-,-2.00%
28-Aug-18,12.5,12.01,12.5,11.87,-,2.80%
27-Aug-18,12.16,12.37,12.48,12.02,-,1.42%
24-Aug-18,11.99,12.13,12.17,11.83,-,-3.38%
23-Aug-18,12.41,12.03,12.68,11.65,-,1.31%
22-Aug-18,12.25,13.09,13.29,11.97,-,-4.74%
21-Aug-18,12.86,12.47,12.89,12.09,-,2.96%
20-Aug-18,12.49,12.57,12.79,12.26,-,-1.19%
17-Aug-18,12.64,13.18,13.96,12.4,-,-6.02%
16-Aug-18,13.45,14.18,14.36,12.82,-,-8.13%
15-Aug-18,14.64,13.52,16.86,13.44,-,9.99%
14-Aug-18,13.31,13.93,14.22,13.11,-,-9.95%
13-Aug-18,14.78,14.5,15.02,12.95,-,12.31%
10-Aug-18,13.16,11.82,13.82,11.59,-,16.77%
9-Aug-18,11.27,10.94,11.31,10.17,-,3.87%
8-Aug-18,10.85,10.93,11.18,10.52,-,-0.73%
7-Aug-18,10.93,11.12,11.24,10.52,-,-3.02%
6-Aug-18,11.27,11.91,12.15,11.17,-,-3.18%
3-Aug-18,11.64,12.43,12.46,11.07,-,-4.51%
2-Aug-18,12.19,13.57,14.53,12.17,-,-7.30%
1-Aug-18,13.15,13.09,13.63,12.45,-,2.49%
31-Jul-18,12.83,13.98,14.12,12.81,-,-10.03%
30-Jul-18,14.26,13.63,14.46,12.98,-,9.44%
27-Jul-18,13.03,12.17,14.26,11.6,-,7.33%
26-Jul-18,12.14,12.45,12.53,11.78,-,-1.22%
25-Jul-18,12.29,12.37,12.82,11.8,-,-0.97%
24-Jul-18,12.41,12.61,13.21,11.66,-,-1.66%
23-Jul-18,12.62,13.47,13.55,12.58,-,-1.87%
20-Jul-18,12.86,13,13.58,12.49,-,-0.08%
19-Jul-18,12.87,12.2,13.09,11.79,-,6.36%
18-Jul-18,12.1,11.87,12.47,11.44,-,0.33%
17-Jul-18,12.06,12.91,13.18,11.85,-,-6.00%
16-Jul-18,12.83,12.46,12.97,12.13,-,5.34%
13-Jul-18,12.18,12.39,12.97,11.62,-,-3.18%
12-Jul-18,12.58,13.07,13.33,12.42,-,-7.70%
11-Jul-18,13.63,14.05,14.15,13.09,-,7.83%
10-Jul-18,12.64,12.52,13.21,11.93,-,-0.39%
9-Jul-18,12.69,13.42,13.45,12.6,-,-5.09%
6-Jul-18,13.37,14.99,15.45,13.34,-,-10.69%
5-Jul-18,14.97,15.62,16.22,14.47,-,-7.25%
3-Jul-18,16.14,15.37,16.45,14.68,-,3.46%
2-Jul-18,15.6,17.7,18.08,15.54,-,-3.05%
29-Jun-18,16.09,15.73,16.51,14.66,-,-4.51%
28-Jun-18,16.85,17.54,18.99,16.4,-,-5.92%
27-Jun-18,17.91,16.52,18.19,14.76,-,12.50%
26-Jun-18,15.92,16.71,17.54,15.1,-,-8.14%
25-Jun-18,17.33,15.07,19.61,14.56,-,25.85%
22-Jun-18,13.77,14.6,14.6,13.11,-,-5.94%
21-Jun-18,14.64,12.54,15.18,12.18,-,14.46%
20-Jun-18,12.79,12.9,13.02,12.25,-,-4.19%
19-Jun-18,13.35,14.61,14.68,13.21,-,8.45%
18-Jun-18,12.31,12.79,13.74,12.28,-,2.75%
15-Jun-18,11.98,12.19,13.16,11.93,-,-1.16%
14-Jun-18,12.12,12.98,13.07,11.88,-,-6.34%
13-Jun-18,12.94,12.13,12.95,11.98,-,4.86%
12-Jun-18,12.34,12.29,12.6,11.88,-,-0.08%
11-Jun-18,12.35,12.52,12.69,12.14,-,1.40%
8-Jun-18,12.18,12.54,13.31,12.09,-,0.41%
7-Jun-18,12.13,11.66,13.28,11.22,-,4.21%
6-Jun-18,11.64,12.1,12.56,11.62,-,-6.13%
5-Jun-18,12.4,12.91,13.34,12.3,-,-2.67%
4-Jun-18,12.74,13.91,13.91,12.69,-,-5.35%
1-Jun-18,13.46,14.92,14.93,13.37,-,-12.77%
31-May-18,15.43,14.93,16.29,14.2,-,3.28%
30-May-18,14.94,16.6,16.64,14.65,-,-12.22%
29-May-18,17.02,14.39,18.78,14.39,-,28.74%
25-May-18,13.22,12.44,13.52,12.29,-,5.51%
24-May-18,12.53,12.73,14.24,12.53,-,-0.40%
23-May-18,12.58,13.5,14.6,12.49,-,-4.84%
22-May-18,13.22,13.03,13.42,12.77,-,1.07%
21-May-18,13.08,13.44,13.59,12.78,-,-2.53%
18-May-18,13.42,13.18,13.87,13.06,-,-0.07%
17-May-18,13.43,13.54,13.86,12.65,-,0.07%
16-May-18,13.42,14.38,14.91,13.21,-,-8.27%
15-May-18,14.63,13.13,15.01,12.5,-,13.15%
14-May-18,12.93,12.95,13.28,12.81,-,2.21%
11-May-18,12.65,13.22,13.44,12.65,-,-4.38%
10-May-18,13.23,13.36,13.63,12.92,-,-1.42%
9-May-18,13.42,14.54,14.63,13.38,-,-8.77%
8-May-18,14.71,14.53,15.56,14.52,-,-0.27%
7-May-18,14.75,15.32,15.52,14.51,-,-0.14%
4-May-18,14.77,15.94,16.92,10.91,-,-7.11%
3-May-18,15.9,15.78,18.66,15.43,-,-0.44%
2-May-18,15.97,15.48,15.97,14.75,-,3.10%
1-May-18,15.49,15.78,16.82,15.42,-,-2.76%
30-Apr-18,15.93,15.39,16.35,15.13,-,3.37%
27-Apr-18,15.41,16.22,16.77,15.25,-,-5.11%
26-Apr-18,16.24,18.07,18.12,16.24,-,-8.97%
25-Apr-18,17.84,18.14,19.84,17.75,-,-1.00%
24-Apr-18,18.02,16.16,19.66,15.37,-,10.28%
23-Apr-18,16.34,17.29,17.56,15.79,-,-3.20%
20-Apr-18,16.88,16.16,17.5,15.19,-,5.76%
19-Apr-18,15.96,15.55,16.92,15.16,-,2.31%
18-Apr-18,15.6,15.3,16.9,14.95,-,2.30%
17-Apr-18,15.25,16.16,16.27,14.57,-,-7.91%
16-Apr-18,16.56,17.59,17.66,16.38,-,-4.88%
13-Apr-18,17.41,18.27,18.45,17.26,-,-5.84%
12-Apr-18,18.49,19.83,19.92,18.16,-,-8.65%
11-Apr-18,20.24,20.95,21.66,19.64,-,-1.12%
10-Apr-18,20.47,20.51,21.68,20.24,-,-5.97%
9-Apr-18,21.77,21.27,22.02,20.34,-,1.30%
6-Apr-18,21.49,20.33,23.12,18.6,-,13.46%
5-Apr-18,18.94,19.76,20.21,18.57,-,-5.58%
4-Apr-18,20.06,21.68,24.51,19.86,-,-4.93%
3-Apr-18,21.1,23.03,23.38,20.92,-,-10.67%
2-Apr-18,23.62,21.07,25.72,20.44,-,18.28%
29-Mar-18,19.97,22.87,23.05,19.6,-,-12.68%
28-Mar-18,22.87,22.52,24.94,21.71,-,1.64%
27-Mar-18,22.5,20.33,24.06,19.84,-,6.99%
26-Mar-18,21.03,23.41,24.54,20.71,-,-15.44%
23-Mar-18,24.87,24.02,26.01,21.63,-,6.56%
22-Mar-18,23.34,18.13,23.81,18.12,-,30.68%
21-Mar-18,17.86,17.76,18.37,16.26,-,-1.87%
20-Mar-18,18.2,18.38,19.31,18.09,-,-4.31%
19-Mar-18,19.02,16.63,21.87,16.56,-,20.38%
16-Mar-18,15.8,16.6,16.72,15.23,-,-4.76%
15-Mar-18,16.59,16.99,17.41,15.96,-,-3.71%
14-Mar-18,17.23,16.59,17.59,14.94,-,5.38%
13-Mar-18,16.35,15.7,16.98,15.03,-,3.61%
12-Mar-18,15.78,15.28,16.35,15.18,-,7.79%
9-Mar-18,14.64,16.41,16.75,13.31,-,-11.49%
8-Mar-18,16.54,17.56,17.68,14.91,-,-6.87%
7-Mar-18,17.76,20.11,20.49,17.52,-,-3.27%
6-Mar-18,18.36,18.25,19.64,17.68,-,-1.98%
5-Mar-18,18.73,21.55,21.57,17.94,-,-4.39%
2-Mar-18,19.59,22.47,26.22,19.36,-,-12.82%
1-Mar-18,22.47,19.96,25.3,19.57,-,13.20%
28-Feb-18,19.85,18.08,20.44,15.65,-,6.78%
27-Feb-18,18.59,15.83,18.98,15.29,-,17.66%
26-Feb-18,15.8,16.53,16.94,15.8,-,-4.18%
23-Feb-18,16.49,17.96,18.8,16.47,-,-11.91%
22-Feb-18,18.72,20.57,20.61,18.07,-,-6.49%
21-Feb-18,20.02,20.76,21.04,16.97,-,-2.82%
20-Feb-18,20.6,20.53,21.61,19.75,-,5.86%
16-Feb-18,19.46,18.74,20.99,17.44,-,1.73%
15-Feb-18,19.13,18.39,20.66,17.6,-,-0.67%
14-Feb-18,19.26,23.48,25.72,18.99,-,-22.87%
13-Feb-18,24.97,26.94,27.82,24.47,-,-2.50%
12-Feb-18,25.61,27.25,29.7,24.42,-,-11.87%
9-Feb-18,29.06,32.18,41.06,27.73,-,-13.15%
8-Feb-18,33.46,27.29,36.17,24.41,-,20.66%
7-Feb-18,27.73,31.38,31.64,21.17,-,-7.51%
6-Feb-18,29.98,37.32,50.3,22.42,-,-19.67%
5-Feb-18,37.32,18.44,38.8,16.8,-,115.60%
2-Feb-18,17.31,13.64,17.86,13.64,-,28.51%
1-Feb-18,13.47,13.05,14.3,12.5,-,-0.52%
31-Jan-18,13.54,14.23,14.44,13.41,-,-8.45%
30-Jan-18,14.79,13.93,15.42,13.88,-,6.86%
29-Jan-18,13.84,11.71,13.84,11.68,-,24.91%
26-Jan-18,11.08,11.4,11.6,11.08,-,-4.32%
25-Jan-18,11.58,11.27,12.01,11.2,-,0.96%
24-Jan-18,11.47,11,12.19,10.89,-,3.33%
23-Jan-18,11.1,10.77,11.57,10.76,-,0.63%
22-Jan-18,11.03,11.59,11.62,10.84,-,-2.13%
19-Jan-18,11.27,12.3,12.33,11.17,-,-7.77%
18-Jan-18,12.22,12.01,12.4,11.62,-,2.60%
17-Jan-18,11.91,11.35,12.81,11.18,-,2.14%
16-Jan-18,11.66,10.42,12.41,10.4,-,14.76%
12-Jan-18,10.16,9.74,10.31,9.54,-,2.83%
11-Jan-18,9.88,9.69,10.02,9.62,-,0.61%
10-Jan-18,9.82,10.11,10.85,9.82,-,-2.58%
9-Jan-18,10.08,9.41,10.09,9.37,-,5.88%
8-Jan-18,9.52,9.61,9.89,9.32,-,3.25%
5-Jan-18,9.22,9.1,9.54,9,-,0.00%
4-Jan-18,9.22,9.01,9.31,8.92,-,0.77%
3-Jan-18,9.15,9.56,9.65,8.94,-,-6.35%
2-Jan-18,9.77,10.95,11.07,9.52,-,-11.50%
29-Dec-17,11.04,10.03,11.06,9.95,-,8.45%
28-Dec-17,10.18,10.29,10.44,10.07,-,-2.77%
27-Dec-17,10.47,10.04,10.79,9.71,-,2.15%
26-Dec-17,10.25,10.19,10.46,10.13,-,3.54%
22-Dec-17,9.9,9.37,10.18,9.35,-,2.91%
21-Dec-17,9.62,9.59,9.86,9.2,-,-1.03%
20-Dec-17,9.72,9.69,9.85,8.9,-,-3.09%
19-Dec-17,10.03,9.4,10.15,9.18,-,5.25%
18-Dec-17,9.53,9.46,9.89,9.24,-,1.17%
15-Dec-17,9.42,10.12,10.2,9.22,-,-10.20%
14-Dec-17,10.49,9.98,10.54,9.78,-,3.05%
13-Dec-17,10.18,9.78,10.21,9.65,-,2.62%
12-Dec-17,9.92,9.36,9.92,9.21,-,6.21%
11-Dec-17,9.34,9.74,10.08,9.28,-,-2.51%
8-Dec-17,9.58,10,10.06,9.43,-,-5.71%
7-Dec-17,10.16,10.9,11.32,10.12,-,-7.80%
6-Dec-17,11.02,11.63,11.68,10.86,-,-2.74%
5-Dec-17,11.33,11.38,11.67,10.65,-,-3.00%
4-Dec-17,11.68,11.05,11.86,10.26,-,2.19%
1-Dec-17,11.43,11.19,14.58,10.54,-,1.33%
30-Nov-17,11.28,10.49,12.05,10.25,-,5.42%
29-Nov-17,10.7,9.91,10.93,9.81,-,6.68%
28-Nov-17,10.03,9.72,10.31,9.53,-,1.62%
27-Nov-17,9.87,10.07,10.26,9.79,-,2.07%
24-Nov-17,9.67,9.82,9.96,8.56,-,-2.13%
22-Nov-17,9.88,9.6,9.88,9.32,-,1.54%
21-Nov-17,9.73,10.74,10.78,9.67,-,-8.64%
20-Nov-17,10.65,11.96,12.08,10.44,-,-6.82%
17-Nov-17,11.43,11.75,12.01,11.16,-,-2.81%
16-Nov-17,11.76,12.47,12.52,11.38,-,-10.43%
15-Nov-17,13.13,12.52,14.51,12.33,-,13.29%
14-Nov-17,11.59,11.53,12.61,11.45,-,0.78%
13-Nov-17,11.5,11.43,12.18,11,-,1.86%
10-Nov-17,11.29,10.78,11.58,10.5,-,7.52%
9-Nov-17,10.5,9.94,12.19,9.79,-,7.36%
8-Nov-17,9.78,9.79,10.27,9.5,-,-1.11%
7-Nov-17,9.89,9.31,10.31,9.29,-,5.21%
6-Nov-17,9.4,9.63,9.74,9.38,-,2.84%
3-Nov-17,9.14,9.83,9.91,8.99,-,-7.96%
2-Nov-17,9.93,10.44,10.89,9.67,-,-2.65%
1-Nov-17,10.2,9.79,10.49,9.74,-,0.20%
31-Oct-17,10.18,10.34,10.37,9.9,-,-3.05%
30-Oct-17,10.5,10.28,10.89,10.1,-,7.14%
27-Oct-17,9.8,11.12,11.12,9.74,-,-13.27%
26-Oct-17,11.3,11.17,11.81,10.6,-,0.62%
25-Oct-17,11.23,11.34,13.2,10.99,-,0.63%
24-Oct-17,11.16,10.89,11.16,10.39,-,0.81%
23-Oct-17,11.07,10.25,11.08,9.94,-,11.03%
20-Oct-17,9.97,9.92,10.04,9.29,-,-0.80%
19-Oct-17,10.05,10.22,11.77,9.99,-,-0.20%
18-Oct-17,10.07,10.34,10.41,9.87,-,-2.33%
17-Oct-17,10.31,9.85,10.46,9.78,-,4.04%
16-Oct-17,9.91,9.95,10.02,9.75,-,3.12%
13-Oct-17,9.61,9.95,9.98,9.44,-,-3.03%
12-Oct-17,9.91,9.94,10.33,9.65,-,0.61%
11-Oct-17,9.85,9.95,10.38,9.72,-,-2.28%
10-Oct-17,10.08,10.15,10.66,9.94,-,-2.42%
9-Oct-17,10.33,9.92,10.53,9.88,-,7.05%
6-Oct-17,9.65,9.23,10.27,9.11,-,5.01%
5-Oct-17,9.19,9.48,9.62,9.13,-,-4.57%
4-Oct-17,9.63,9.53,9.88,9.53,-,1.26%
3-Oct-17,9.51,9.3,9.75,9.3,-,0.63%
2-Oct-17,9.45,9.59,10.04,9.37,-,-0.63%
29-Sep-17,9.51,9.59,9.83,9.36,-,-0.42%
28-Sep-17,9.55,9.74,10.13,9.55,-,-3.24%
27-Sep-17,9.87,9.9,10.42,9.63,-,-2.95%
26-Sep-17,10.17,10.42,10.68,9.94,-,-0.39%
25-Sep-17,10.21,10.08,11.21,9.79,-,6.47%
22-Sep-17,9.59,9.9,10.2,9.5,-,-0.83%
21-Sep-17,9.67,9.74,10.21,9.54,-,-1.12%
20-Sep-17,9.78,10.04,10.67,9.67,-,-3.93%
19-Sep-17,10.18,10.16,10.3,9.85,-,0.30%
18-Sep-17,10.15,10.18,10.42,9.88,-,-0.20%
15-Sep-17,10.17,10.51,10.74,10,-,-2.59%
14-Sep-17,10.44,10.57,11.04,10.28,-,-0.57%
13-Sep-17,10.5,10.72,10.86,10.33,-,-0.76%
12-Sep-17,10.58,10.66,10.95,10.29,-,-1.40%
11-Sep-17,10.73,11.38,11.39,10.51,-,-11.47%
8-Sep-17,12.12,11.87,12.6,11.84,-,4.94%
7-Sep-17,11.55,11.93,12.07,11.32,-,-0.69%
6-Sep-17,11.63,12.27,12.59,11.35,-,-4.91%
5-Sep-17,12.23,11.75,14.06,11.41,-,20.73%
1-Sep-17,10.13,10.33,10.46,10.02,-,-4.34%
31-Aug-17,10.59,11.07,11.22,10.34,-,-5.61%
30-Aug-17,11.22,11.4,11.98,10.96,-,-4.10%
29-Aug-17,11.7,13.33,14.34,11.48,-,3.36%
28-Aug-17,11.32,12.09,12.11,11.23,-,0.35%
25-Aug-17,11.28,12.2,12.45,11.1,-,-7.77%
24-Aug-17,12.23,12.06,12.83,11.55,-,-0.16%
23-Aug-17,12.25,11.51,12.59,11.39,-,7.93%
22-Aug-17,11.35,12.6,12.94,11.35,-,-13.95%
21-Aug-17,13.19,14.59,14.74,13.07,-,-7.50%
18-Aug-17,14.26,15.38,16.04,13.32,-,-8.30%
17-Aug-17,15.55,11.81,15.77,11.54,-,32.45%
16-Aug-17,11.74,11.59,12.54,11.25,-,-2.49%
15-Aug-17,12.04,11.78,12.37,11.45,-,-2.35%
14-Aug-17,12.33,14.05,14.05,12.06,-,-20.50%
11-Aug-17,15.51,16.17,17.28,14.5,-,-3.30%
10-Aug-17,16.04,11.57,16.17,11.56,-,44.37%
9-Aug-17,11.11,11.49,12.63,11.11,-,1.37%
8-Aug-17,10.96,10.04,11.52,9.52,-,10.37%
7-Aug-17,9.93,10.19,10.32,9.76,-,-1.00%
4-Aug-17,10.03,10.48,10.5,9.68,-,-3.93%
3-Aug-17,10.44,10.47,10.6,9.9,-,1.56%
2-Aug-17,10.28,10.08,10.81,9.8,-,1.88%
1-Aug-17,10.09,10.19,10.56,9.95,-,-1.66%
31-Jul-17,10.26,10.53,10.84,10.23,-,-0.29%
28-Jul-17,10.29,10.62,11.3,10.26,-,1.78%
27-Jul-17,10.11,9.33,11.5,9.16,-,5.31%
26-Jul-17,9.6,9.25,9.66,8.84,-,1.80%
25-Jul-17,9.43,9.4,9.52,9.04,-,0.00%
24-Jul-17,9.43,9.94,9.97,9.26,-,0.75%
21-Jul-17,9.36,9.52,9.98,9.3,-,-2.30%
20-Jul-17,9.58,9.66,10.28,9.5,-,-2.15%
19-Jul-17,9.79,9.69,9.94,9.58,-,-1.01%
18-Jul-17,9.89,9.86,10.35,9.66,-,0.71%
17-Jul-17,9.82,9.77,10.03,9.71,-,3.26%
14-Jul-17,9.51,10.09,10.14,9.5,-,-3.94%
13-Jul-17,9.9,10.07,10.4,9.9,-,-3.88%
12-Jul-17,10.3,10.85,10.85,10.08,-,-5.42%
11-Jul-17,10.89,10.79,12.14,10.68,-,-1.98%
10-Jul-17,11.11,11.26,11.73,10.61,-,-0.71%
7-Jul-17,11.19,12.48,12.57,10.98,-,-10.77%
6-Jul-17,12.54,11.2,13.05,11.18,-,13.28%
5-Jul-17,11.07,11.2,12.03,10.79,-,-1.34%
3-Jul-17,11.22,11.07,11.45,10.28,-,0.36%
30-Jun-17,11.18,11.74,11.85,10.4,-,-2.27%
29-Jun-17,11.44,9.79,15.16,9.73,-,14.06%
28-Jun-17,10.03,11.17,11.49,9.76,-,-9.31%
27-Jun-17,11.06,10.04,11.31,9.8,-,11.72%
26-Jun-17,9.9,10.13,10.44,9.68,-,-1.20%
23-Jun-17,10.02,10.25,10.69,9.85,-,-4.39%
22-Jun-17,10.48,10.81,11.01,10.24,-,-2.51%
21-Jun-17,10.75,11.03,11.4,10.4,-,-1.01%
20-Jun-17,10.86,10.28,11.15,10.24,-,4.73%
19-Jun-17,10.37,10.57,10.6,10.01,-,-0.10%
16-Jun-17,10.38,10.63,11.35,10.26,-,-4.77%
15-Jun-17,10.9,11.06,12.01,10.74,-,2.44%
14-Jun-17,10.64,10.33,11.26,10.01,-,2.11%
13-Jun-17,10.42,11.12,11.14,10.26,-,-9.08%
12-Jun-17,11.46,11.19,12.37,11.19,-,7.10%
9-Jun-17,10.7,9.93,12.11,9.37,-,5.31%
8-Jun-17,10.16,10.27,10.53,9.73,-,-2.21%
7-Jun-17,10.39,10.48,10.93,10.12,-,-0.57%
6-Jun-17,10.45,10.19,10.77,9.86,-,3.77%
5-Jun-17,10.07,10.08,10.28,9.6,-,3.28%
2-Jun-17,9.75,10.08,10.3,9.58,-,-1.42%
1-Jun-17,9.89,10.42,10.54,9.69,-,-5.00%
31-May-17,10.41,10.1,11.3,9.93,-,0.29%
30-May-17,10.38,10.61,10.84,10.14,-,5.81%
26-May-17,9.81,9.93,10.48,9.65,-,-1.80%
25-May-17,9.99,9.82,10.29,9.72,-,-0.30%
24-May-17,10.02,10.61,10.9,9.88,-,-6.53%
23-May-17,10.72,11,11,10.56,-,-1.92%
22-May-17,10.93,12.29,12.52,10.89,-,-9.22%
19-May-17,12.04,14.23,14.23,11.72,-,-17.87%
18-May-17,14.66,14.06,16.3,14.03,-,-5.97%
17-May-17,15.59,11.89,15.59,11.53,-,46.38%
16-May-17,10.65,10.46,10.67,10.18,-,2.21%
15-May-17,10.42,10.54,10.88,10.25,-,0.19%
12-May-17,10.4,10.72,10.87,10.28,-,-1.89%
11-May-17,10.6,10.34,11.23,10.32,-,3.82%
10-May-17,10.21,9.75,10.24,9.62,-,2.51%
9-May-17,9.96,9.87,10.14,9.56,-,1.94%
8-May-17,9.77,10.53,10.55,9.67,-,-7.57%
5-May-17,10.57,10.51,10.98,9.99,-,1.05%
4-May-17,10.46,10.71,11.24,10.27,-,-2.06%
3-May-17,10.68,10.56,11.15,10.4,-,0.85%
2-May-17,10.59,10.15,10.59,10.04,-,4.75%
1-May-17,10.11,10.92,11.04,9.9,-,-6.56%
28-Apr-17,10.82,10.39,11.16,10.29,-,4.44%
27-Apr-17,10.36,10.72,11.08,10.33,-,-4.52%
26-Apr-17,10.85,10.61,10.89,10.39,-,0.84%
25-Apr-17,10.76,10.81,11.15,10.22,-,-0.74%
24-Apr-17,10.84,11.56,12.01,10.82,-,-25.91%
21-Apr-17,14.63,13.85,15.33,13.85,-,3.39%
20-Apr-17,14.15,14.59,14.81,13.83,-,-5.22%
19-Apr-17,14.93,14,15.15,13.46,-,3.54%
18-Apr-17,14.42,14.5,15.5,14.29,-,-1.64%
17-Apr-17,14.66,16.19,16.28,14.6,-,-8.15%
13-Apr-17,15.96,15.89,16.22,14.97,-,1.20%
12-Apr-17,15.77,15.16,16.16,14.84,-,4.64%
11-Apr-17,15.07,14.32,15.88,14.17,-,7.26%
10-Apr-17,14.05,13.24,14.11,12.94,-,9.17%
7-Apr-17,12.87,13.17,13.43,12.23,-,3.87%
6-Apr-17,12.39,13.11,13.22,11.7,-,-3.88%
5-Apr-17,12.89,11.89,12.89,10.9,-,9.33%
4-Apr-17,11.79,12.71,13.07,11.7,-,-4.77%
3-Apr-17,12.38,12.59,13.59,12.27,-,0.08%
31-Mar-17,12.37,11.61,12.54,11.5,-,7.19%
30-Mar-17,11.54,11.37,11.64,11.12,-,1.05%
29-Mar-17,11.42,11.54,11.7,11.03,-,-0.95%
28-Mar-17,11.53,12.44,12.67,11.34,-,-7.76%
27-Mar-17,12.5,14.78,15.11,12.48,-,-3.55%
24-Mar-17,12.96,12.86,14.16,12.27,-,-1.22%
23-Mar-17,13.12,12.65,13.17,12.18,-,2.42%
22-Mar-17,12.81,12.95,13.16,11.99,-,2.73%
21-Mar-17,12.47,11.15,12.85,10.92,-,9.96%
20-Mar-17,11.34,11.71,11.72,11.03,-,0.53%
17-Mar-17,11.28,11.38,11.38,10.78,-,0.62%
16-Mar-17,11.21,11.29,11.55,11.16,-,-3.61%
15-Mar-17,11.63,12.12,12.25,10.6,-,-5.45%
14-Mar-17,12.3,11.39,12.54,11.28,-,8.37%
13-Mar-17,11.35,12.16,12.23,11.29,-,-2.66%
10-Mar-17,11.66,11.97,12.09,11.46,-,-5.20%
9-Mar-17,12.3,11.75,12.43,11.62,-,3.71%
8-Mar-17,11.86,11.49,11.86,11.09,-,3.58%
7-Mar-17,11.45,11.27,11.58,11.04,-,1.87%
6-Mar-17,11.24,11.59,11.72,11.06,-,2.55%
3-Mar-17,10.96,11.96,11.97,10.94,-,-7.20%
2-Mar-17,11.81,12.43,12.71,11.32,-,-5.82%
1-Mar-17,12.54,12.31,12.58,11.78,-,-2.94%
28-Feb-17,12.92,12.19,12.96,12.13,-,6.87%
27-Feb-17,12.09,11.78,12.14,11.53,-,5.41%
24-Feb-17,11.47,11.81,12.59,11.34,-,-2.05%
23-Feb-17,11.71,11.66,12.46,11.54,-,-0.26%
22-Feb-17,11.74,11.48,12.07,11.44,-,1.47%
21-Feb-17,11.57,12.05,12.09,11.5,-,0.70%
17-Feb-17,11.49,11.84,12.26,11.37,-,-2.30%
16-Feb-17,11.76,12.02,12.86,11.69,-,-1.75%
15-Feb-17,11.97,10.84,12.01,10.8,-,11.45%
14-Feb-17,10.74,11.17,11.34,10.73,-,-2.98%
13-Feb-17,11.07,11.36,11.4,11.07,-,2.03%
10-Feb-17,10.85,10.85,10.95,10.55,-,-0.28%
9-Feb-17,10.88,11.44,11.53,10.74,-,-4.98%
8-Feb-17,11.45,11.19,11.82,11.15,-,1.42%
7-Feb-17,11.29,11.39,11.67,11.06,-,-0.70%
6-Feb-17,11.37,11.37,11.84,11.09,-,3.65%
3-Feb-17,10.97,11.84,11.84,10.72,-,-8.05%
2-Feb-17,11.93,12.37,12.47,11.62,-,1.02%
1-Feb-17,11.81,11.79,12.05,9.97,-,-1.50%
31-Jan-17,11.99,12.29,12.99,11.79,-,0.93%
30-Jan-17,11.88,11.1,12.9,11.1,-,12.29%
27-Jan-17,10.58,10.57,10.82,10.3,-,-0.47%
26-Jan-17,10.63,10.61,11.01,10.6,-,-1.67%
25-Jan-17,10.81,10.79,11.05,10.51,-,-2.35%
24-Jan-17,11.07,11.82,11.89,11.04,-,-5.95%
23-Jan-17,11.77,12.3,12.62,11.59,-,1.99%
20-Jan-17,11.54,12.58,12.59,11.53,-,-9.70%
19-Jan-17,12.78,12.58,13.28,12.17,-,2.40%
18-Jan-17,12.48,11.79,12.81,11.69,-,5.14%
17-Jan-17,11.87,12.2,12.75,11.79,-,5.70%
13-Jan-17,11.23,11.45,11.62,10.94,-,-2.69%
12-Jan-17,11.54,11.48,12.6,11.32,-,2.49%
11-Jan-17,11.26,11.56,12.23,11.21,-,-2.00%
10-Jan-17,11.49,11.59,11.79,11.31,-,-0.61%
9-Jan-17,11.56,11.71,12.08,11.46,-,2.12%
6-Jan-17,11.32,11.7,11.74,10.98,-,-3.00%
5-Jan-17,11.67,11.96,12.09,11.4,-,-1.52%
4-Jan-17,11.85,12.78,12.8,11.63,-,-7.78%
3-Jan-17,12.85,14.07,14.07,12.85,-,-8.48%
30-Dec-16,14.04,13.2,14.68,13.05,-,5.01%
29-Dec-16,13.37,13.15,13.71,12.95,-,3.24%
28-Dec-16,12.95,11.89,13.04,11.85,-,8.01%
27-Dec-16,11.99,12.26,12.33,11.84,-,4.81%
23-Dec-16,11.44,11.38,11.81,11.35,-,0.09%
22-Dec-16,11.43,11.32,11.67,11.14,-,1.42%
21-Dec-16,11.27,11.44,11.49,10.93,-,-1.57%
20-Dec-16,11.45,11.65,11.75,11.38,-,-2.22%
19-Dec-16,11.71,12.5,12.52,11.67,-,-4.02%
16-Dec-16,12.2,12.88,12.95,12.15,-,-4.61%
15-Dec-16,12.79,13.07,13.24,12.46,-,-3.03%
14-Dec-16,13.19,12.88,13.39,12.48,-,3.69%
13-Dec-16,12.72,12.46,13.42,12.34,-,0.63%
12-Dec-16,12.64,12.23,12.78,12.07,-,7.57%
9-Dec-16,11.75,12.59,12.72,11.67,-,-7.04%
8-Dec-16,12.64,12.1,13.4,11.3,-,3.44%
7-Dec-16,12.22,11.59,12.24,11.33,-,3.65%
6-Dec-16,11.79,12.19,12.3,11.54,-,-2.88%
5-Dec-16,12.14,13.75,13.77,12.14,-,-14.02%
2-Dec-16,14.12,14.16,14.48,12.39,-,0.36%
1-Dec-16,14.07,13.4,14.72,13.05,-,5.55%
30-Nov-16,13.33,12.6,13.42,12.23,-,3.33%
29-Nov-16,12.9,13.07,13.55,12.62,-,-1.90%
28-Nov-16,13.15,13.4,13.5,12.74,-,6.56%
25-Nov-16,12.34,12.52,12.74,12.31,-,-0.72%
23-Nov-16,12.43,12.34,13.01,12.19,-,0.16%
22-Nov-16,12.41,12.26,12.83,12.2,-,-0.08%
21-Nov-16,12.42,13.27,13.44,12.16,-,-3.35%
18-Nov-16,12.85,13.56,13.74,12.85,-,-3.75%
17-Nov-16,13.35,13.37,13.88,12.97,-,-2.70%
16-Nov-16,13.72,13.51,14.49,13.51,-,2.62%
15-Nov-16,13.37,14.16,14.65,13.3,-,-7.67%
14-Nov-16,14.48,14.69,15.56,14.39,-,2.19%
11-Nov-16,14.17,14.83,16,14.15,-,-3.87%
10-Nov-16,14.74,14.01,16.3,13.26,-,2.50%
9-Nov-16,14.38,20.7,21.48,14.33,-,-23.27%
8-Nov-16,18.74,18.92,19.91,17.7,-,0.16%
7-Nov-16,18.71,19.78,19.86,18.39,-,-16.88%
4-Nov-16,22.51,21.86,23.01,19.2,-,1.95%
3-Nov-16,22.08,19.85,22.57,18.84,-,14.29%
2-Nov-16,19.32,19.09,19.82,18.56,-,4.09%
1-Nov-16,18.56,16.54,20.43,16.51,-,8.79%
31-Oct-16,17.06,16.31,17.63,16.25,-,5.37%
28-Oct-16,16.19,15.67,17.35,14.65,-,5.40%
27-Oct-16,15.36,14.37,15.43,13.6,-,7.87%
26-Oct-16,14.24,13.66,14.8,13.66,-,5.79%
25-Oct-16,13.46,12.91,13.86,12.73,-,3.38%
24-Oct-16,13.02,13.19,13.26,12.83,-,-2.40%
21-Oct-16,13.34,14.04,14.53,13.27,-,-2.98%
20-Oct-16,13.75,14.43,14.72,13.74,-,-4.58%
19-Oct-16,14.41,15.45,15.68,13.87,-,-5.69%
18-Oct-16,15.28,15.82,15.85,15.03,-,-5.74%
17-Oct-16,16.21,17.01,17.11,16.13,-,0.56%
14-Oct-16,16.12,16.49,16.5,15.25,-,-3.42%
13-Oct-16,16.69,16.88,17.95,16.14,-,4.90%
12-Oct-16,15.91,15.53,16.34,15.26,-,3.58%
11-Oct-16,15.36,13.71,16.47,13.69,-,14.80%
10-Oct-16,13.38,14.19,14.36,13.29,-,-0.74%
7-Oct-16,13.48,13.52,14.15,12.21,-,4.98%
6-Oct-16,12.84,13.11,13.84,12.8,-,-1.15%
5-Oct-16,12.99,13.56,13.68,12.7,-,-4.70%
4-Oct-16,13.63,13.4,14.57,12.92,-,0.44%
3-Oct-16,13.57,13.75,14.42,13.42,-,2.11%
30-Sep-16,13.29,14.91,15.2,12.53,-,-5.21%
29-Sep-16,14.02,12.53,15.69,12.14,-,13.16%
28-Sep-16,12.39,12.9,13.57,12.24,-,-5.42%
27-Sep-16,13.1,13.36,14.76,12.97,-,-9.66%
26-Sep-16,14.5,13.26,14.63,13.26,-,17.98%
23-Sep-16,12.29,12,12.58,11.93,-,2.25%
22-Sep-16,12.02,13.39,13.39,11.76,-,-9.62%
21-Sep-16,13.3,15.07,15.65,12.98,-,-16.46%
20-Sep-16,15.92,14.98,16.09,14.69,-,2.51%
19-Sep-16,15.53,15.14,15.96,14.6,-,1.04%
16-Sep-16,15.37,16.41,17.1,15.28,-,-5.71%
15-Sep-16,16.3,17.97,18.07,15.74,-,-10.14%
14-Sep-16,18.14,17.63,18.14,16.34,-,1.62%
13-Sep-16,17.85,15.98,18.97,15.83,-,17.74%
12-Sep-16,15.16,20.13,20.51,14.76,-,-13.37%
9-Sep-16,17.5,12.52,17.54,12.52,-,39.89%
8-Sep-16,12.51,11.74,12.6,11.65,-,4.77%
7-Sep-16,11.94,11.89,12.45,11.77,-,-0.67%
6-Sep-16,12.02,12.42,12.93,11.85,-,0.33%
2-Sep-16,11.98,13.47,13.9,11.9,-,-11.13%
1-Sep-16,13.48,13.07,14.61,12.99,-,0.45%
31-Aug-16,13.42,13.14,14.34,12.97,-,2.29%
30-Aug-16,13.12,12.94,13.6,12.7,-,1.39%
29-Aug-16,12.94,14.09,14.43,12.9,-,-5.20%
26-Aug-16,13.65,13.54,14.93,12.13,-,0.15%
25-Aug-16,13.63,13.62,14.09,13.29,-,1.34%
24-Aug-16,13.45,12.7,14.01,12.3,-,8.64%
23-Aug-16,12.38,12.15,12.44,11.72,-,0.90%
22-Aug-16,12.27,12.53,13.02,11.94,-,8.20%
19-Aug-16,11.34,11.67,12.28,11.33,-,-0.79%
18-Aug-16,11.43,12.2,12.53,11.42,-,-6.23%
17-Aug-16,12.19,12.57,13.71,12.14,-,-3.56%
16-Aug-16,12.64,12.04,12.78,11.87,-,7.03%
15-Aug-16,11.81,11.81,12.17,11.58,-,2.25%
12-Aug-16,11.55,11.61,12,11.28,-,-1.11%
11-Aug-16,11.68,11.93,12.11,11.38,-,-3.07%
10-Aug-16,12.05,11.55,12.5,11.37,-,3.34%
9-Aug-16,11.66,11.4,11.92,11.02,-,1.39%
8-Aug-16,11.5,11.66,11.78,11.41,-,0.97%
5-Aug-16,11.39,12.08,12.26,11.18,-,-8.29%
4-Aug-16,12.42,12.73,12.98,11.79,-,-3.42%
3-Aug-16,12.86,13.53,13.91,12.73,-,-3.81%
2-Aug-16,13.37,12.39,14.24,12.35,-,7.48%
1-Aug-16,12.44,11.89,12.98,11.86,-,4.80%
29-Jul-16,11.87,12.85,12.9,11.77,-,-6.68%
28-Jul-16,12.72,12.51,13.52,12.36,-,-0.86%
27-Jul-16,12.83,12.61,13.74,12.5,-,-1.69%
26-Jul-16,13.05,12.88,13.5,12.8,-,1.40%
25-Jul-16,12.87,12.64,13.72,12.39,-,7.07%
22-Jul-16,12.02,12.8,12.88,11.97,-,-5.65%
21-Jul-16,12.74,11.8,13.06,11.69,-,8.24%
20-Jul-16,11.77,11.94,11.97,11.4,-,-1.67%
19-Jul-16,11.97,12.53,12.83,11.94,-,-3.78%
18-Jul-16,12.44,12.75,13.12,12.33,-,-1.82%
15-Jul-16,12.67,13.12,13.22,12.27,-,-1.17%
14-Jul-16,12.82,12.5,13.37,12.14,-,-1.69%
13-Jul-16,13.04,13.32,13.79,12.92,-,-3.76%
12-Jul-16,13.55,12.93,13.93,12.75,-,0.07%
11-Jul-16,13.54,13.25,13.67,13,-,2.58%
8-Jul-16,13.2,14.64,14.75,13.19,-,-10.57%
7-Jul-16,14.76,14.8,15.98,14.33,-,-1.34%
6-Jul-16,14.96,15.87,17.04,14.96,-,-3.98%
5-Jul-16,15.58,16.05,16.62,15.49,-,5.48%
1-Jul-16,14.77,15.59,15.86,14.61,-,-5.50%
30-Jun-16,15.63,16.91,16.99,15.29,-,-6.07%
29-Jun-16,16.64,18.12,18.27,16.48,-,-11.25%
28-Jun-16,18.75,21.76,22.07,18.75,-,-21.38%
27-Jun-16,23.85,24.38,26.72,22.93,-,-7.41%
24-Jun-16,25.76,26.06,26.24,19.48,-,49.33%
23-Jun-16,17.25,19.54,19.79,17.25,-,-18.52%
22-Jun-16,21.17,18.26,21.22,17.83,-,14.56%
21-Jun-16,18.48,17.67,18.96,16.91,-,0.60%
20-Jun-16,18.37,17.42,18.55,16.59,-,-5.36%
17-Jun-16,19.41,19.42,20.03,18.71,-,0.21%
16-Jun-16,19.37,20.8,22.89,19.24,-,-3.82%
15-Jun-16,20.14,20.25,20.45,18.63,-,-1.76%
14-Jun-16,20.5,21.28,22.16,20.27,-,-2.24%
13-Jun-16,20.97,18.24,21.01,17.89,-,23.14%
10-Jun-16,17.03,14.89,17.33,14.85,-,16.33%
9-Jun-16,14.64,14.01,14.85,13.99,-,3.98%
8-Jun-16,14.08,13.84,14.27,13.7,-,0.21%
7-Jun-16,14.05,12.77,14.05,12.72,-,2.93%
6-Jun-16,13.65,13.84,14.27,13.42,-,1.34%
3-Jun-16,13.47,13.78,14.66,12.9,-,-1.17%
2-Jun-16,13.63,14.42,14.92,13.62,-,-4.01%
1-Jun-16,14.2,14.45,15.25,14.18,-,0.07%
31-May-16,14.19,13.94,15,13.45,-,8.16%
27-May-16,13.12,13.49,13.76,13.04,-,-2.31%
26-May-16,13.43,13.8,14.11,13.43,-,-3.38%
25-May-16,13.9,14.19,14.33,13.64,-,-3.61%
24-May-16,14.42,16.03,16.06,14.36,-,-8.85%
23-May-16,15.82,16.33,16.47,15.4,-,4.08%
20-May-16,15.2,16.13,16.3,15.11,-,-6.92%
19-May-16,16.33,16.37,17.65,16.28,-,2.38%
18-May-16,15.95,15.72,16.47,14.86,-,2.44%
17-May-16,15.57,14.57,16.12,14.48,-,6.06%
16-May-16,14.68,15.72,15.98,14.28,-,-2.39%
13-May-16,15.04,15.15,15.47,13.97,-,4.37%
12-May-16,14.41,14.55,15.42,13.95,-,-1.91%
11-May-16,14.69,13.92,14.69,13.29,-,7.78%
10-May-16,13.63,13.98,14.35,13.55,-,-6.45%
9-May-16,14.57,15.2,15.39,14.17,-,-1.02%
6-May-16,14.72,16.2,16.58,14.71,-,-7.48%
5-May-16,15.91,15.54,16.45,15.22,-,-0.87%
4-May-16,16.05,15.47,16.85,15.39,-,2.88%
3-May-16,15.6,14.92,16.42,14.91,-,6.27%
2-May-16,14.68,16.33,16.5,14.48,-,-6.50%
29-Apr-16,15.7,15.21,17.09,14.91,-,3.15%
28-Apr-16,15.22,14.53,15.61,13.3,-,10.53%
27-Apr-16,13.77,14.15,14.95,13.5,-,-1.36%
26-Apr-16,13.96,14.01,14.43,13.66,-,-0.85%
25-Apr-16,14.08,14.07,14.76,13.86,-,6.51%
22-Apr-16,13.22,13.7,14.19,13.15,-,-5.23%
21-Apr-16,13.95,13.2,14.14,13.16,-,5.05%
20-Apr-16,13.28,13.39,13.5,12.5,-,0.30%
19-Apr-16,13.24,13.18,13.88,12.98,-,-0.82%
18-Apr-16,13.35,14.87,14.94,13.23,-,-1.98%
15-Apr-16,13.62,13.99,14.19,13.58,-,-0.73%
14-Apr-16,13.72,13.9,14.12,13.38,-,-0.87%
13-Apr-16,13.84,14.49,14.53,13.6,-,-6.80%
12-Apr-16,14.85,15.98,16.57,14.84,-,-8.67%
11-Apr-16,16.26,15.34,16.26,14.83,-,5.86%
8-Apr-16,15.36,15.34,15.93,14.84,-,-4.95%
7-Apr-16,16.16,15.14,16.77,14.68,-,14.69%
6-Apr-16,14.09,15.61,15.98,14,-,-8.63%
5-Apr-16,15.42,15.39,15.72,14.93,-,9.21%
4-Apr-16,14.12,13.88,14.24,13.66,-,7.79%
1-Apr-16,13.1,15.23,15.28,13,-,-6.09%
31-Mar-16,13.95,13.73,14.28,13.49,-,2.88%
30-Mar-16,13.56,13.69,13.89,13.06,-,-1.88%
29-Mar-16,13.82,15.74,15.89,13.79,-,-9.32%
28-Mar-16,15.24,15.65,16.04,14.89,-,3.39%
24-Mar-16,14.74,16.3,16.44,14.71,-,-1.34%
23-Mar-16,14.94,14.57,15.03,14.33,-,5.43%
22-Mar-16,14.17,14.57,14.76,13.75,-,2.76%
21-Mar-16,13.79,14.57,14.73,13.79,-,-1.64%
18-Mar-16,14.02,14.05,14.36,13.75,-,-2.91%
17-Mar-16,14.44,15.34,15.38,13.82,-,-3.67%
16-Mar-16,14.99,15.96,16.33,14.89,-,-10.99%
15-Mar-16,16.84,17.6,17.85,16.84,-,-0.47%
14-Mar-16,16.92,17.01,17.67,16.69,-,2.55%
11-Mar-16,16.5,17.09,17.27,16.28,-,-8.59%
10-Mar-16,18.05,18.17,19.59,17.06,-,-1.58%
9-Mar-16,18.34,18.56,19.11,18.31,-,-1.77%
8-Mar-16,18.67,18.38,18.89,17.82,-,7.61%
7-Mar-16,17.35,17.98,18.04,16.87,-,2.91%
4-Mar-16,16.86,16.48,17.35,16.05,-,0.96%
3-Mar-16,16.7,17.25,17.56,16.32,-,-2.28%
2-Mar-16,17.09,17.98,18.41,16.78,-,-3.45%
1-Mar-16,17.7,19.84,20.17,17.66,-,-13.87%
29-Feb-16,20.55,20.49,20.81,18.38,-,3.74%
26-Feb-16,19.81,18.89,20.13,18.46,-,3.66%
25-Feb-16,19.11,20.54,21.26,19.1,-,-7.77%
24-Feb-16,20.72,22.28,22.87,20.26,-,-1.24%
23-Feb-16,20.98,19.75,21.16,19.54,-,8.26%
22-Feb-16,19.38,20.14,20.35,19.02,-,-5.60%
19-Feb-16,20.53,22.39,23.44,20.52,-,-5.13%
18-Feb-16,21.64,22.16,22.53,21.29,-,-3.00%
17-Feb-16,22.31,23.4,24.16,21.83,-,-7.47%
16-Feb-16,24.11,24.96,25.52,23.32,-,-5.08%
12-Feb-16,25.4,27.16,27.57,24.92,-,-9.74%
11-Feb-16,28.14,29.01,30.9,26.67,-,7.04%
10-Feb-16,26.29,25.75,26.6,24.47,-,-0.94%
9-Feb-16,26.54,28.3,28.31,25.99,-,2.08%
8-Feb-16,26,25.89,27.72,25.56,-,11.21%
5-Feb-16,23.38,22.09,24.11,21.91,-,7.05%
4-Feb-16,21.84,22.29,23.14,21.24,-,0.88%
3-Feb-16,21.65,21.49,27.7,21.42,-,-1.50%
2-Feb-16,21.98,21.34,22.42,21.06,-,10.01%
1-Feb-16,19.98,21.32,23.66,19.61,-,-1.09%
29-Jan-16,20.2,21.59,21.74,19.5,-,-9.90%
28-Jan-16,22.42,22.15,23.81,21.9,-,-2.99%
27-Jan-16,23.11,22.88,27.22,20.42,-,2.71%
26-Jan-16,22.5,23.75,24.02,22.33,-,-6.83%
25-Jan-16,24.15,23.3,24.31,22.38,-,8.10%
22-Jan-16,22.34,24.21,24.55,22.22,-,-16.30%
21-Jan-16,26.69,27.79,28.43,25.01,-,-3.26%
20-Jan-16,27.59,27.78,32.09,26.59,-,5.91%
19-Jan-16,26.05,25.4,27.59,25.21,-,-3.59%
15-Jan-16,27.02,28.96,30.95,26.67,-,12.82%
14-Jan-16,23.95,24.75,26.28,23.07,-,-5.04%
13-Jan-16,25.22,21.72,26.11,21.44,-,12.24%
12-Jan-16,22.47,22.97,23.93,21.91,-,-7.53%
11-Jan-16,24.3,25.58,27.39,23.83,-,-10.03%
8-Jan-16,27.01,22.96,27.08,22.48,-,8.08%
7-Jan-16,24.99,23.22,25.86,22.4,-,21.37%
6-Jan-16,20.59,21.67,21.86,19.8,-,6.46%
5-Jan-16,19.34,20.75,21.06,19.25,-,-6.57%
4-Jan-16,20.7,22.48,23.36,20.67,-,13.67%
