"Date","Price","Open","High","Low","Vol.","Change %"
"Aug 20, 2021","443.36","440.23","443.71","439.71","72.01M","0.80%"
"Aug 19, 2021","439.86","436.19","441.12","436.17","92.81M","0.15%"
"Aug 18, 2021","439.18","442.86","444.61","438.96","89.35M","-1.09%"
"Aug 17, 2021","444.04","444.18","444.96","440.89","92.67M","-0.66%"
"Aug 16, 2021","446.97","444.68","447.08","442.92","73.93M","0.24%"
"Aug 13, 2021","445.92","445.59","445.94","445.07","39.47M","0.18%"
"Aug 12, 2021","445.11","443.54","445.25","442.67","38.94M","0.30%"
"Aug 11, 2021","443.78","443.76","443.88","442.63","44.03M","0.25%"
"Aug 10, 2021","442.68","442.64","443.43","441.91","43.34M","0.12%"
"Aug 09, 2021","442.13","442.49","442.79","441.37","41.22M","-0.08%"
"Aug 08, 2021","442.49","442.49","442.49","442.49","-","0.00%"
"Aug 07, 2021","442.49","442.49","442.49","442.49","-","0.00%"
"Aug 06, 2021","442.49","442.19","442.91","441.81","46.93M","0.17%"
"Aug 05, 2021","441.76","440.26","441.79","439.91","38.97M","0.63%"
"Aug 04, 2021","438.98","439.78","440.39","438.74","46.73M","-0.49%"
"Aug 03, 2021","441.15","438.53","441.17","436.12","58.05M","0.81%"
"Aug 02, 2021","437.59","440.30","440.85","437.31","58.78M","-0.21%"
"Jul 30, 2021","438.51","437.97","440.05","437.79","68.95M","-0.49%"
"Jul 29, 2021","440.65","439.90","441.79","439.90","47.44M","0.41%"
"Jul 28, 2021","438.83","439.65","440.27","437.42","52.47M","-0.04%"
"Jul 27, 2021","439.01","439.92","439.92","435.99","67.40M","-0.46%"
"Jul 26, 2021","441.02","439.32","441.02","439.26","43.72M","0.25%"
"Jul 23, 2021","439.94","437.52","440.30","436.79","63.77M","1.03%"
"Jul 22, 2021","435.46","434.74","435.72","433.69","47.88M","0.21%"
"Jul 21, 2021","434.55","432.34","434.70","431.01","64.72M","0.81%"
"Jul 20, 2021","431.06","425.68","432.42","424.83","99.61M","1.43%"
"Jul 19, 2021","424.97","426.19","431.41","421.97","147.99M","-1.48%"
"Jul 16, 2021","431.34","436.01","436.05","430.93","75.87M","-0.78%"
"Jul 15, 2021","434.75","434.92","435.52","432.75","55.13M","-0.34%"
"Jul 14, 2021","436.24","437.45","437.90","434.92","64.13M","0.15%"
"Jul 13, 2021","435.59","436.28","437.83","435.32","52.91M","-0.34%"
"Jul 12, 2021","437.08","435.48","437.25","434.98","52.89M","0.36%"
"Jul 09, 2021","435.52","432.59","435.77","432.33","76.24M","1.07%"
"Jul 08, 2021","430.92","428.75","431.72","427.58","97.60M","-0.81%"
"Jul 07, 2021","434.46","433.68","434.75","431.52","63.55M","0.35%"
"Jul 06, 2021","432.93","433.72","433.95","430.01","68.71M","-0.18%"
"Jul 05, 2021","433.72","433.72","433.72","433.72","-","0.00%"
"Jul 04, 2021","433.72","433.72","433.72","433.72","-","0.00%"
"Jul 03, 2021","433.72","433.72","433.72","433.72","-","0.00%"
"Jul 02, 2021","433.72","431.67","434.10","430.52","57.70M","0.76%"
"Jul 01, 2021","430.43","428.93","430.53","428.82","53.44M","0.55%"
"Jun 30, 2021","428.06","427.33","428.70","427.28","64.83M","0.08%"
"Jun 29, 2021","427.70","427.88","428.56","427.13","35.97M","0.05%"
"Jun 28, 2021","427.47","427.21","427.64","425.89","53.16M","0.20%"
"Jun 25, 2021","426.61","426.05","427.07","425.57","58.13M","0.36%"
"Jun 24, 2021","425.10","424.94","425.55","424.63","45.11M","0.59%"
"Jun 23, 2021","422.60","423.27","424.03","422.56","49.45M","-0.12%"
"Jun 22, 2021","423.11","420.90","423.98","420.10","57.70M","0.53%"
"Jun 21, 2021","420.86","416.80","421.06","415.93","72.82M","1.43%"
"Jun 18, 2021","414.92","417.17","417.81","414.76","118.68M","-1.67%"
"Jun 17, 2021","421.97","421.73","422.99","419.35","90.95M","-0.03%"
"Jun 16, 2021","422.11","424.72","424.83","419.97","80.39M","-0.56%"
"Jun 15, 2021","424.48","425.42","425.44","423.55","51.51M","-0.18%"
"Jun 14, 2021","425.26","424.43","425.37","423.10","42.36M","0.22%"
"Jun 11, 2021","424.31","424.20","424.43","422.82","45.57M","0.17%"
"Jun 10, 2021","423.61","422.96","424.63","421.55","51.02M","0.46%"
"Jun 09, 2021","421.65","423.18","423.26","421.41","48.44M","-0.15%"
"Jun 08, 2021","422.28","423.11","423.21","420.32","47.13M","0.02%"
"Jun 07, 2021","422.19","422.59","422.78","421.19","51.56M","-0.10%"
"Jun 04, 2021","422.60","420.75","422.92","418.84","55.94M","0.91%"
"Jun 03, 2021","418.77","417.85","419.99","416.28","58.14M","-0.37%"
"Jun 02, 2021","420.33","420.37","421.23","419.29","49.10M","0.16%"
"Jun 01, 2021","419.67","422.57","422.72","419.20","54.22M","-0.09%"
"May 28, 2021","420.04","420.97","421.25","419.79","58.52M","0.18%"
"May 27, 2021","419.29","420.17","420.72","418.99","56.71M","0.05%"
"May 26, 2021","419.07","418.87","419.61","417.76","43.09M","0.20%"
"May 25, 2021","418.24","420.33","420.71","417.62","57.45M","-0.22%"
"May 24, 2021","419.17","417.34","420.32","417.08","51.38M","1.02%"
"May 21, 2021","414.94","416.87","418.20","414.45","76.58M","-0.08%"
"May 20, 2021","415.28","411.80","416.62","411.67","78.02M","1.08%"
"May 19, 2021","410.86","406.92","411.05","405.33","106.47M","-0.26%"
"May 18, 2021","411.94","415.80","416.06","411.77","59.81M","-0.86%"
"May 17, 2021","415.52","415.39","416.39","413.36","65.13M","-0.25%"
"May 14, 2021","416.58","413.21","417.49","413.18","82.20M","1.54%"
"May 13, 2021","410.28","407.07","412.35","407.02","106.39M","1.20%"
"May 12, 2021","405.41","411.23","412.59","404.00","134.81M","-2.12%"
"May 11, 2021","414.21","413.10","415.27","410.06","116.89M","-0.89%"
"May 10, 2021","417.94","422.50","422.74","417.81","81.85M","-0.99%"
"May 07, 2021","422.12","419.89","422.81","419.16","67.73M","0.73%"
"May 06, 2021","419.07","415.83","419.21","413.68","74.32M","0.80%"
"May 05, 2021","415.75","417.38","417.63","414.94","60.28M","0.03%"
"May 04, 2021","415.62","416.07","416.60","411.67","101.59M","-0.62%"
"May 03, 2021","418.20","419.43","419.84","417.67","68.13M","0.22%"
"Apr 30, 2021","417.30","417.63","418.54","416.34","85.53M","-0.66%"
"Apr 29, 2021","420.06","420.32","420.72","416.44","78.54M","0.64%"
"Apr 28, 2021","417.40","417.81","419.01","416.90","51.24M","-0.03%"
"Apr 27, 2021","417.52","417.93","418.14","416.30","51.30M","-0.02%"
"Apr 26, 2021","417.61","417.44","418.22","416.81","52.18M","0.21%"
"Apr 23, 2021","416.74","412.87","418.25","412.79","73.28M","1.08%"
"Apr 22, 2021","412.27","415.89","416.78","411.13","97.58M","-0.91%"
"Apr 21, 2021","416.07","411.51","416.29","411.36","66.79M","0.95%"
"Apr 20, 2021","412.17","413.91","415.09","410.59","81.85M","-0.73%"
"Apr 19, 2021","415.21","416.26","416.74","413.79","78.50M","-0.49%"
"Apr 16, 2021","417.26","417.25","417.91","415.73","82.04M","0.33%"
"Apr 15, 2021","415.87","413.74","416.16","413.69","60.23M","1.07%"
"Apr 14, 2021","411.45","412.83","413.96","410.87","61.66M","-0.34%"
"Apr 13, 2021","412.86","411.53","413.53","411.12","56.55M","0.30%"
"Apr 12, 2021","411.64","410.85","411.93","410.20","56.70M","0.04%"
"Apr 09, 2021","411.49","408.39","411.67","408.26","61.10M","0.73%"
"Apr 08, 2021","408.52","407.93","408.58","406.93","57.86M","0.47%"
"Apr 07, 2021","406.59","405.94","406.96","405.45","55.84M","0.12%"
"Apr 06, 2021","406.12","405.76","407.24","405.40","62.02M","-0.06%"
"Apr 05, 2021","406.36","403.46","406.94","403.38","91.68M","1.44%"
"Apr 01, 2021","400.61","398.40","400.67","398.18","99.68M","1.08%"
"Mar 31, 2021","396.33","395.34","398.00","395.31","112.73M","0.41%"
"Mar 30, 2021","394.73","394.42","395.45","393.02","76.26M","-0.27%"
"Mar 29, 2021","395.78","394.40","396.75","392.81","108.11M","-0.05%"
"Mar 26, 2021","395.98","390.93","396.41","390.29","114.41M","1.61%"
"Mar 25, 2021","389.70","385.98","390.55","383.90","116.13M","0.56%"
"Mar 24, 2021","387.52","391.00","392.75","387.47","97.59M","-0.51%"
"Mar 23, 2021","389.50","391.91","393.46","388.66","90.69M","-0.79%"
"Mar 22, 2021","392.59","390.03","394.07","389.97","73.78M","0.80%"
"Mar 19, 2021","389.48","389.88","391.57","387.15","113.62M","-0.51%"
"Mar 18, 2021","391.48","394.48","396.72","390.75","115.35M","-1.45%"
"Mar 17, 2021","397.26","394.53","398.12","393.30","97.96M","0.34%"
"Mar 16, 2021","395.91","397.07","397.83","395.08","73.72M","-0.13%"
"Mar 15, 2021","396.41","394.33","396.69","392.03","73.59M","0.60%"
"Mar 12, 2021","394.06","392.07","394.21","391.20","64.65M","0.13%"
"Mar 11, 2021","393.53","392.23","395.65","391.74","86.25M","1.01%"
"Mar 10, 2021","389.58","389.69","391.40","388.17","109.90M","0.62%"
"Mar 09, 2021","387.17","385.85","389.91","381.73","113.63M","1.43%"
"Mar 08, 2021","381.72","384.66","387.68","381.42","123.15M","-0.50%"
"Mar 05, 2021","383.63","380.46","384.76","372.64","152.04M","1.84%"
"Mar 04, 2021","376.70","381.22","384.00","371.88","183.43M","-1.24%"
"Mar 03, 2021","381.42","385.79","386.83","381.31","119.94M","-1.32%"
"Mar 02, 2021","386.54","389.82","390.07","386.00","79.60M","-0.78%"
"Mar 01, 2021","389.58","385.59","390.92","380.57","105.35M","2.42%"
"Feb 26, 2021","380.36","384.35","385.58","378.23","152.70M","-0.52%"
"Feb 25, 2021","382.33","390.41","391.88","380.78","146.67M","-2.41%"
"Feb 24, 2021","391.77","386.33","392.23","385.27","72.43M","1.10%"
"Feb 23, 2021","387.50","384.66","388.94","380.20","107.28M","0.12%"
"Feb 22, 2021","387.03","387.06","389.62","386.74","67.41M","-0.77%"
"Feb 19, 2021","390.03","392.07","392.38","389.55","83.24M","-0.18%"
"Feb 18, 2021","390.72","389.59","391.51","387.74","59.71M","-0.43%"
"Feb 17, 2021","392.39","390.42","392.66","389.33","52.81M","0.02%"
"Feb 16, 2021","392.30","393.96","394.17","391.53","50.97M","-0.09%"
"Feb 12, 2021","392.64","389.85","392.90","389.77","50.59M","0.49%"
"Feb 11, 2021","390.71","391.24","391.69","388.10","42.91M","0.16%"
"Feb 10, 2021","390.08","392.12","392.28","387.50","59.15M","-0.04%"
"Feb 09, 2021","390.25","389.61","390.89","389.17","35.55M","-0.07%"
"Feb 08, 2021","390.51","389.27","390.56","388.35","38.37M","0.72%"
"Feb 05, 2021","387.71","388.20","388.47","386.14","48.67M","0.39%"
"Feb 04, 2021","386.19","382.96","386.24","381.97","47.14M","1.14%"
"Feb 03, 2021","381.85","382.44","383.70","380.48","52.43M","0.08%"
"Feb 02, 2021","381.55","379.65","383.22","376.32","64.45M","1.41%"
"Feb 01, 2021","376.23","373.72","377.34","370.38","75.82M","1.66%"
"Jan 29, 2021","370.07","375.63","376.67","368.27","126.77M","-2.00%"
"Jan 28, 2021","377.63","376.36","381.93","375.89","94.20M","0.86%"
"Jan 27, 2021","374.41","380.22","380.32","372.01","123.35M","-2.44%"
"Jan 26, 2021","383.79","385.41","385.85","383.54","42.67M","-0.16%"
"Jan 25, 2021","384.39","383.67","384.77","378.46","70.40M","0.39%"
"Jan 22, 2021","382.88","382.25","384.13","381.83","52.14M","-0.35%"
"Jan 21, 2021","384.24","384.49","384.95","383.25","47.96M","0.09%"
"Jan 20, 2021","383.89","381.11","384.79","380.69","61.84M","1.38%"
"Jan 19, 2021","378.65","378.34","379.23","376.75","51.23M","0.79%"
"Jan 15, 2021","375.70","376.72","377.58","373.70","107.16M","-0.73%"
"Jan 14, 2021","378.46","380.59","381.13","378.10","49.99M","-0.35%"
"Jan 13, 2021","379.79","378.69","380.86","377.85","45.30M","0.27%"
"Jan 12, 2021","378.77","378.89","379.86","376.36","52.55M","0.02%"
"Jan 11, 2021","378.69","377.85","380.58","377.72","51.18M","-0.67%"
"Jan 08, 2021","381.26","380.59","381.49","377.10","71.68M","0.57%"
"Jan 07, 2021","379.10","376.10","379.90","375.91","68.77M","1.49%"
"Jan 06, 2021","373.55","369.71","376.98","369.12","108.00M","0.60%"
"Jan 05, 2021","371.33","368.10","372.50","368.05","66.43M","0.69%"
"Jan 04, 2021","368.79","375.31","375.45","364.82","110.21M","-1.36%"
"Dec 31, 2020","373.88","371.78","374.66","371.23","78.52M","0.51%"
"Dec 30, 2020","371.99","372.34","373.10","371.57","49.46M","0.14%"
"Dec 29, 2020","371.46","373.81","374.00","370.83","53.68M","-0.19%"
"Dec 28, 2020","372.17","371.74","372.59","371.07","39.00M","0.86%"
"Dec 24, 2020","369.00","368.08","369.03","367.45","26.46M","0.39%"
"Dec 23, 2020","367.57","368.28","369.62","367.22","46.20M","0.09%"
"Dec 22, 2020","367.24","368.21","368.33","366.03","48.39M","-0.17%"
"Dec 21, 2020","367.86","364.97","378.46","362.03","96.39M","-0.36%"
"Dec 18, 2020","369.18","370.97","371.15","367.02","136.54M","-0.82%"
"Dec 17, 2020","372.24","371.94","372.46","371.05","64.12M","0.56%"
"Dec 16, 2020","370.17","369.82","371.16","368.87","58.42M","0.16%"
"Dec 15, 2020","369.59","367.40","369.59","365.92","64.07M","1.35%"
"Dec 14, 2020","364.66","368.64","369.80","364.47","69.22M","-0.45%"
"Dec 11, 2020","366.30","364.90","366.74","363.26","57.70M","-0.12%"
"Dec 10, 2020","366.73","365.37","367.86","364.43","57.74M","-0.03%"
"Dec 09, 2020","366.85","370.88","371.05","365.95","74.10M","-0.90%"
"Dec 08, 2020","370.17","367.72","370.78","367.67","42.46M","0.29%"
"Dec 07, 2020","369.09","369.02","369.62","367.72","48.94M","-0.21%"
"Dec 04, 2020","369.85","367.32","369.85","367.22","50.75M","0.86%"
"Dec 03, 2020","366.69","366.68","368.19","365.50","62.88M","-0.03%"
"Dec 02, 2020","366.79","364.82","366.96","364.20","45.93M","0.21%"
"Dec 01, 2020","366.02","365.57","367.68","364.93","74.50M","1.09%"
"Nov 30, 2020","362.06","362.83","363.12","359.17","83.87M","-0.44%"
"Nov 27, 2020","363.67","363.84","364.18","362.58","28.51M","0.28%"
"Nov 25, 2020","362.66","363.13","363.16","361.48","45.33M","-0.15%"
"Nov 24, 2020","363.22","360.21","363.81","359.29","62.42M","1.61%"
"Nov 23, 2020","357.46","357.28","358.82","354.87","63.23M","0.60%"
"Nov 20, 2020","355.33","357.50","357.72","355.25","70.41M","-0.68%"
"Nov 19, 2020","357.78","355.60","358.18","354.15","59.94M","0.42%"
"Nov 18, 2020","356.28","360.91","361.50","356.24","70.59M","-1.20%"
"Nov 17, 2020","360.62","359.97","361.92","358.34","66.11M","-0.54%"
"Nov 16, 2020","362.57","360.98","362.78","359.59","74.54M","1.25%"
"Nov 13, 2020","358.10","355.27","358.90","354.71","62.96M","1.38%"
"Nov 12, 2020","353.21","355.58","356.72","351.26","68.12M","-0.97%"
"Nov 11, 2020","356.67","356.40","357.56","355.06","58.65M","0.74%"
"Nov 10, 2020","354.04","353.49","355.18","350.51","85.55M","-0.15%"
"Nov 09, 2020","354.56","363.97","364.38","354.06","172.30M","1.26%"
"Nov 06, 2020","350.16","349.93","351.51","347.65","74.97M","-0.02%"
"Nov 05, 2020","350.24","349.24","352.19","348.86","82.04M","1.95%"
"Nov 04, 2020","343.54","340.86","347.94","339.59","126.96M","2.23%"
"Nov 03, 2020","336.03","333.69","338.25","330.29","93.29M","1.77%"
"Nov 02, 2020","330.20","330.20","332.36","327.24","86.07M","1.12%"
"Oct 30, 2020","326.54","328.28","329.69","322.60","120.45M","-1.04%"
"Oct 29, 2020","329.98","326.91","333.39","325.09","90.60M","1.02%"
"Oct 28, 2020","326.66","332.10","338.25","326.13","127.09M","-3.42%"
"Oct 27, 2020","338.22","339.76","340.12","337.99","65.99M","-0.34%"
"Oct 26, 2020","339.39","342.13","342.98","335.62","91.47M","-1.85%"
"Oct 23, 2020","345.78","345.93","345.99","343.13","49.14M","0.34%"
"Oct 22, 2020","344.61","342.96","345.24","340.65","55.40M","0.55%"
"Oct 21, 2020","342.73","343.33","348.68","342.40","63.57M","-0.19%"
"Oct 20, 2020","343.38","343.46","346.88","342.64","60.05M","0.40%"
"Oct 19, 2020","342.01","348.65","349.33","341.04","68.43M","-1.52%"
"Oct 16, 2020","347.29","348.96","350.75","347.10","89.50M","-0.06%"
"Oct 15, 2020","347.50","343.71","348.02","343.13","60.36M","-0.12%"
"Oct 14, 2020","347.93","350.75","351.93","347.14","57.96M","-0.63%"
"Oct 13, 2020","350.13","352.28","352.47","349.09","73.26M","-0.65%"
"Oct 12, 2020","352.43","349.59","354.02","349.06","80.39M","1.61%"
"Oct 09, 2020","346.85","345.56","347.35","344.89","59.53M","0.89%"
"Oct 08, 2020","343.78","342.85","343.85","341.86","45.24M","0.89%"
"Oct 07, 2020","340.76","338.12","341.63","338.09","57.00M","1.74%"
"Oct 06, 2020","334.93","339.91","342.17","334.38","90.13M","-1.42%"
"Oct 05, 2020","339.76","336.06","339.96","336.01","45.71M","1.77%"
"Oct 02, 2020","333.84","331.70","337.01","331.19","89.43M","-0.95%"
"Oct 01, 2020","337.04","337.69","338.74","335.01","88.70M","0.64%"
"Sep 30, 2020","334.89","333.09","338.29","332.88","104.08M","0.76%"
"Sep 29, 2020","332.37","333.97","334.77","331.62","51.53M","-0.54%"
"Sep 28, 2020","334.19","333.22","334.96","332.15","64.58M","1.66%"
"Sep 25, 2020","328.73","322.58","329.58","321.64","71.07M","1.62%"
"Sep 24, 2020","323.50","321.22","326.80","319.80","76.68M","0.27%"
"Sep 23, 2020","322.64","330.90","331.20","322.10","93.11M","-2.32%"
"Sep 22, 2020","330.30","328.57","330.90","325.86","63.61M","1.02%"
"Sep 21, 2020","326.97","325.70","327.13","321.73","99.45M","-1.11%"
"Sep 18, 2020","330.65","335.37","335.49","327.97","105.88M","-1.55%"
"Sep 17, 2020","335.84","333.56","337.70","332.99","91.52M","-0.88%"
"Sep 16, 2020","338.82","341.51","343.06","338.52","82.21M","-0.40%"
"Sep 15, 2020","340.17","341.12","342.02","338.47","52.92M","0.51%"
"Sep 14, 2020","338.46","337.49","340.38","334.22","65.61M","1.32%"
"Sep 11, 2020","334.06","335.82","336.97","331.00","84.68M","0.05%"
"Sep 10, 2020","333.89","341.82","342.53","332.85","90.57M","-1.74%"
"Sep 09, 2020","339.79","337.55","342.46","336.61","91.46M","1.97%"
"Sep 08, 2020","333.21","336.71","342.64","332.88","114.47M","-2.73%"
"Sep 04, 2020","342.57","346.13","347.83","334.87","139.16M","-0.82%"
"Sep 03, 2020","345.39","355.87","356.38","342.59","148.01M","-3.44%"
"Sep 02, 2020","357.70","354.67","358.75","353.43","69.54M","1.45%"
"Sep 01, 2020","352.60","350.21","352.71","349.24","55.00M","0.94%"
"Aug 31, 2020","349.31","350.35","351.30","349.06","66.10M","-0.36%"
"Aug 28, 2020","350.58","349.44","350.72","348.15","48.59M","0.65%"
"Aug 27, 2020","348.33","348.51","349.90","346.53","58.03M","0.22%"
"Aug 26, 2020","347.57","344.76","347.86","344.17","50.79M","1.00%"
"Aug 25, 2020","344.12","343.53","344.21","342.27","38.46M","0.35%"
"Aug 24, 2020","342.92","342.12","343.00","339.45","48.59M","1.01%"
"Aug 21, 2020","339.48","337.92","339.72","337.55","55.11M","0.35%"
"Aug 20, 2020","338.28","335.36","338.80","335.22","42.21M","0.31%"
"Aug 19, 2020","337.23","339.05","339.61","336.62","68.05M","-0.42%"
"Aug 18, 2020","338.64","338.34","339.10","336.61","38.73M","0.22%"
"Aug 17, 2020","337.91","337.94","338.34","336.85","35.48M","0.32%"
"Aug 14, 2020","336.84","336.41","337.42","335.62","47.26M","0.00%"
"Aug 13, 2020","336.83","336.61","338.25","335.83","41.82M","-0.18%"
"Aug 12, 2020","337.44","335.44","338.28","332.84","53.83M","1.39%"
"Aug 11, 2020","332.80","336.85","337.54","332.01","69.60M","-0.83%"
"Aug 10, 2020","335.57","335.06","335.77","332.95","44.28M","0.30%"
"Aug 07, 2020","334.57","333.28","334.88","332.30","57.31M","0.07%"
"Aug 06, 2020","334.33","331.48","334.46","331.13","43.68M","0.67%"
"Aug 05, 2020","332.11","331.47","332.39","331.18","42.87M","0.62%"
"Aug 04, 2020","330.06","327.86","330.06","327.86","41.92M","0.39%"
"Aug 03, 2020","328.79","328.32","329.62","327.73","53.08M","0.70%"
"Jul 31, 2020","326.52","325.90","326.63","321.33","85.21M","0.79%"
"Jul 30, 2020","323.96","321.90","324.41","319.64","61.86M","-0.36%"
"Jul 29, 2020","325.12","322.12","325.73","322.07","48.45M","1.23%"
"Jul 28, 2020","321.17","322.43","323.64","320.85","57.49M","-0.63%"
"Jul 27, 2020","323.22","321.63","323.41","320.77","48.29M","0.73%"
"Jul 24, 2020","320.88","320.95","321.99","319.25","73.77M","-0.64%"
"Jul 23, 2020","322.96","326.47","327.23","321.48","75.74M","-1.19%"
"Jul 22, 2020","326.86","324.62","327.20","324.50","57.79M","0.57%"
"Jul 21, 2020","325.01","326.45","326.93","323.94","57.50M","0.21%"
"Jul 20, 2020","324.32","321.43","325.13","320.62","56.31M","0.81%"
"Jul 17, 2020","321.72","321.88","322.57","319.74","62.77M","0.29%"
"Jul 16, 2020","320.79","319.79","321.28","319.09","54.62M","-0.33%"
"Jul 15, 2020","321.85","322.41","323.04","319.26","87.20M","0.92%"
"Jul 14, 2020","318.92","313.30","319.76","312.00","93.66M","1.30%"
"Jul 13, 2020","314.84","320.13","322.71","314.13","103.00M","-0.87%"
"Jul 10, 2020","317.59","314.31","317.88","312.76","57.55M","1.02%"
"Jul 09, 2020","314.38","316.84","317.10","310.68","83.35M","-0.57%"
"Jul 08, 2020","316.18","314.61","316.30","312.70","54.64M","0.76%"
"Jul 07, 2020","313.78","315.38","317.52","313.37","82.91M","-1.03%"
"Jul 06, 2020","317.05","316.37","317.68","315.56","61.71M","1.54%"
"Jul 02, 2020","312.23","314.24","315.70","311.51","69.34M","0.55%"
"Jul 01, 2020","310.52","309.57","311.89","309.07","72.40M","0.70%"
"Jun 30, 2020","308.36","303.99","310.20","303.82","113.39M","1.28%"
"Jun 29, 2020","304.46","301.41","304.61","298.93","79.77M","1.47%"
"Jun 26, 2020","300.05","306.16","306.39","299.42","127.96M","-2.38%"
"Jun 25, 2020","307.35","303.47","307.64","301.28","89.47M","1.07%"
"Jun 24, 2020","304.09","309.84","310.51","302.10","132.81M","-2.55%"
"Jun 23, 2020","312.05","313.49","314.50","311.61","68.47M","0.46%"
"Jun 22, 2020","310.62","307.99","311.05","306.75","74.65M","0.64%"
"Jun 19, 2020","308.64","314.17","314.38","306.53","135.55M","-1.01%"
"Jun 18, 2020","311.78","310.00","312.30","309.51","80.83M","0.04%"
"Jun 17, 2020","311.66","314.07","314.39","310.86","83.40M","-0.42%"
"Jun 16, 2020","312.96","315.48","315.64","307.67","137.63M","1.92%"
"Jun 15, 2020","307.05","298.02","308.28","296.74","135.78M","0.93%"
"Jun 12, 2020","304.21","308.24","309.08","298.60","194.68M","1.20%"
"Jun 11, 2020","300.61","311.46","312.15","300.01","209.24M","-5.76%"
"Jun 10, 2020","319.00","321.42","322.39","318.22","95.00M","-0.56%"
"Jun 09, 2020","320.79","320.30","323.28","319.36","77.48M","-0.75%"
"Jun 08, 2020","323.20","320.22","323.41","319.63","73.64M","1.21%"
"Jun 05, 2020","319.34","317.23","321.27","317.16","150.52M","2.56%"
"Jun 04, 2020","311.36","311.11","313.00","309.08","75.79M","-0.26%"
"Jun 03, 2020","312.18","310.24","313.22","309.94","92.57M","1.33%"
"Jun 02, 2020","308.08","306.55","308.13","305.10","74.27M","0.83%"
"Jun 01, 2020","305.55","303.62","306.20","303.06","56.78M","0.40%"
"May 29, 2020","304.32","302.46","304.96","299.47","119.27M","0.45%"
"May 28, 2020","302.97","304.65","306.84","302.24","90.77M","-0.18%"
"May 27, 2020","303.53","302.12","303.57","296.87","104.82M","1.49%"
"May 26, 2020","299.08","301.93","302.19","295.46","88.95M","1.23%"
"May 22, 2020","295.44","294.57","295.63","293.22","63.96M","0.19%"
"May 21, 2020","294.88","296.79","297.67","293.69","78.29M","-0.69%"
"May 20, 2020","296.93","295.82","297.87","295.57","85.86M","1.70%"
"May 19, 2020","291.97","294.35","296.20","291.95","95.19M","-1.03%"
"May 18, 2020","295.00","293.05","296.75","292.70","120.32M","3.05%"
"May 15, 2020","286.28","282.37","286.33","281.34","111.15M","0.46%"
"May 14, 2020","284.97","278.95","285.11","272.99","121.98M","1.20%"
"May 13, 2020","281.60","286.06","287.19","278.96","144.72M","-1.77%"
"May 12, 2020","286.67","293.79","294.24","286.52","95.87M","-1.99%"
"May 11, 2020","292.50","290.34","294.00","289.88","79.51M","0.02%"
"May 08, 2020","292.44","291.09","292.95","289.86","76.62M","1.65%"
"May 07, 2020","287.68","287.75","289.78","287.13","75.25M","1.21%"
"May 06, 2020","284.25","288.04","288.46","283.78","73.63M","-0.68%"
"May 05, 2020","286.19","286.64","289.25","283.71","79.57M","0.92%"
"May 04, 2020","283.57","280.74","283.90","279.13","80.87M","0.28%"
"May 01, 2020","282.79","285.31","290.66","281.52","125.18M","-2.65%"
"Apr 30, 2020","290.48","291.71","293.32","288.59","122.90M","-0.93%"
"Apr 29, 2020","293.21","291.53","294.88","290.41","118.75M","2.62%"
"Apr 28, 2020","285.73","291.02","291.40","285.40","105.27M","-0.46%"
"Apr 27, 2020","287.05","285.12","288.27","284.62","77.90M","1.44%"
"Apr 24, 2020","282.97","280.73","283.70","278.50","85.17M","1.39%"
"Apr 23, 2020","279.08","280.49","283.94","278.75","104.71M","-0.01%"
"Apr 22, 2020","279.10","278.35","281.00","276.91","93.52M","2.22%"
"Apr 21, 2020","273.04","276.73","278.04","272.02","126.39M","-3.04%"
"Apr 20, 2020","281.59","282.61","286.79","281.35","100.11M","-1.76%"
"Apr 17, 2020","286.64","285.38","287.30","282.40","146.68M","2.70%"
"Apr 16, 2020","279.10","279.15","280.03","275.76","131.80M","0.48%"
"Apr 15, 2020","277.76","277.57","283.94","275.46","121.78M","-2.12%"
"Apr 14, 2020","283.79","280.98","284.90","275.51","134.14M","2.95%"
"Apr 13, 2020","275.66","277.14","277.51","271.41","114.84M","-0.91%"
"Apr 09, 2020","278.20","277.58","281.20","275.47","190.28M","1.52%"
"Apr 08, 2020","274.03","267.96","276.00","265.25","153.77M","3.36%"
"Apr 07, 2020","265.13","274.21","275.03","264.89","201.43M","0.10%"
"Apr 06, 2020","264.86","257.84","267.00","248.17","188.06M","6.72%"
"Apr 03, 2020","248.19","250.76","253.32","245.22","135.56M","-1.45%"
"Apr 02, 2020","251.83","245.19","252.68","244.59","177.66M","2.31%"
"Apr 01, 2020","246.15","247.98","257.66","243.90","189.55M","-4.50%"
"Mar 31, 2020","257.75","260.56","263.33","256.22","194.88M","-1.49%"
"Mar 30, 2020","261.65","255.70","262.43","253.53","170.96M","3.25%"
"Mar 27, 2020","253.42","253.27","260.81","251.05","224.34M","-2.98%"
"Mar 26, 2020","261.20","249.52","262.80","249.05","257.63M","5.84%"
"Mar 25, 2020","246.79","244.87","256.35","239.75","299.43M","1.50%"
"Mar 24, 2020","243.15","234.42","244.10","233.80","235.49M","9.06%"
"Mar 23, 2020","222.95","228.19","229.68","218.26","326.03M","-2.56%"
"Mar 20, 2020","228.80","242.53","244.47","228.50","347.16M","-4.87%"
"Mar 19, 2020","240.51","239.25","247.38","232.22","289.32M","0.21%"
"Mar 18, 2020","240.00","236.25","248.37","228.02","327.60M","-5.06%"
"Mar 17, 2020","252.80","245.04","256.17","237.07","262.07M","5.40%"
"Mar 16, 2020","239.85","241.18","256.90","237.36","297.24M","-10.94%"
"Mar 13, 2020","269.32","263.09","271.48","248.52","329.57M","8.55%"
"Mar 12, 2020","248.11","256.00","266.66","247.68","392.22M","-9.57%"
"Mar 11, 2020","274.36","280.70","281.94","270.88","256.42M","-4.87%"
"Mar 10, 2020","288.42","284.64","288.52","273.50","276.44M","5.17%"
"Mar 09, 2020","274.23","275.30","284.19","273.45","309.42M","-7.81%"
"Mar 06, 2020","297.46","293.15","298.78","290.23","228.67M","-1.65%"
"Mar 05, 2020","302.46","304.98","308.47","300.01","186.37M","-3.32%"
"Mar 04, 2020","312.86","306.12","313.10","303.33","176.61M","4.20%"
"Mar 03, 2020","300.24","309.50","313.84","297.57","300.14M","-2.86%"
"Mar 02, 2020","309.09","298.21","309.16","294.46","238.70M","4.33%"
"Feb 28, 2020","296.26","288.70","297.89","285.54","385.76M","-0.42%"
"Feb 27, 2020","297.51","305.46","311.56","297.51","284.35M","-4.49%"
"Feb 26, 2020","311.50","314.18","318.11","310.70","194.77M","-0.37%"
"Feb 25, 2020","312.65","323.94","324.61","311.69","218.91M","-3.03%"
"Feb 24, 2020","322.42","323.14","333.56","321.24","161.09M","-3.32%"
"Feb 21, 2020","333.48","335.47","335.81","332.58","113.79M","-1.03%"
"Feb 20, 2020","336.95","337.74","338.64","333.68","74.16M","-0.41%"
"Feb 19, 2020","338.34","337.79","339.08","337.48","48.81M","0.48%"
"Feb 18, 2020","336.73","336.51","337.67","335.21","57.34M","-0.26%"
"Feb 14, 2020","337.60","337.51","337.73","336.20","64.58M","0.16%"
"Feb 13, 2020","337.06","335.86","338.12","335.56","54.50M","-0.11%"
"Feb 12, 2020","337.42","336.83","337.65","336.43","43.99M","0.64%"
"Feb 11, 2020","335.26","336.16","337.02","334.68","54.86M","0.17%"
"Feb 10, 2020","334.68","331.23","334.75","331.19","42.07M","0.75%"
"Feb 07, 2020","332.20","332.82","333.99","331.60","64.14M","-0.53%"
"Feb 06, 2020","333.98","333.91","334.19","332.80","50.36M","0.34%"
"Feb 05, 2020","332.86","332.27","333.09","330.67","65.95M","1.15%"
"Feb 04, 2020","329.06","328.07","330.01","327.72","62.57M","1.52%"
"Feb 03, 2020","324.12","323.35","326.16","323.22","69.24M","0.74%"
"Jan 31, 2020","321.73","327.00","327.17","320.73","113.85M","-1.82%"
"Jan 30, 2020","327.68","324.36","327.91","323.54","75.49M","0.32%"
"Jan 29, 2020","326.62","328.38","328.63","326.40","54.04M","-0.08%"
"Jan 28, 2020","326.89","325.06","327.85","323.60","63.83M","1.05%"
"Jan 27, 2020","323.50","323.03","325.12","322.66","84.06M","-1.60%"
"Jan 24, 2020","328.77","332.44","332.53","327.36","87.58M","-0.89%"
"Jan 23, 2020","331.72","330.63","332.17","329.41","51.96M","0.11%"
"Jan 22, 2020","331.34","332.24","332.95","331.17","48.91M","0.01%"
"Jan 21, 2020","331.30","330.90","332.18","330.82","77.74M","-0.20%"
"Jan 17, 2020","331.95","331.70","332.18","330.85","95.85M","0.31%"
"Jan 16, 2020","330.92","329.70","330.92","329.45","54.05M","0.83%"
"Jan 15, 2020","328.19","327.35","329.02","327.26","72.06M","0.23%"
"Jan 14, 2020","327.45","327.47","328.62","326.84","63.04M","-0.15%"
"Jan 13, 2020","327.95","326.39","327.96","325.92","47.26M","0.69%"
"Jan 10, 2020","325.71","327.29","327.46","325.20","53.06M","-0.29%"
"Jan 09, 2020","326.65","326.16","326.73","325.52","48.57M","0.68%"
"Jan 08, 2020","324.45","322.94","325.78","322.67","68.43M","0.53%"
"Jan 07, 2020","322.73","323.02","323.54","322.24","42.85M","-0.28%"
"Jan 06, 2020","323.64","320.49","323.73","320.36","55.76M","0.38%"
"Jan 03, 2020","322.41","321.16","323.64","321.10","77.78M","-0.76%"
"Jan 02, 2020","324.87","323.54","324.89","322.53","59.25M","0.94%"
"Dec 31, 2019","321.86","320.53","322.13","320.15","57.11M","0.24%"
"Dec 30, 2019","321.08","322.95","323.10","320.55","49.78M","-0.55%"
"Dec 27, 2019","322.86","323.74","323.80","322.28","42.55M","-0.02%"
"Dec 26, 2019","322.94","321.65","322.95","321.64","31.02M","0.53%"
"Dec 24, 2019","321.23","321.47","321.52","320.90","20.27M","0.00%"
"Dec 23, 2019","321.22","321.59","321.65","321.06","53.02M","0.15%"
"Dec 20, 2019","320.73","320.46","321.97","319.39","149.34M","-0.05%"
"Dec 19, 2019","320.90","319.80","320.98","319.52","85.39M","0.41%"
"Dec 18, 2019","319.59","320.00","320.25","319.53","48.20M","0.01%"
"Dec 17, 2019","319.57","319.92","320.25","319.48","61.13M","0.02%"
"Dec 16, 2019","319.50","319.22","320.15","317.25","82.84M","0.69%"
"Dec 13, 2019","317.32","316.87","318.67","316.02","81.55M","0.06%"
"Dec 12, 2019","317.13","314.43","317.99","314.17","96.59M","0.86%"
"Dec 11, 2019","314.42","314.03","314.70","313.44","53.52M","0.28%"
"Dec 10, 2019","313.53","313.82","314.55","312.81","53.11M","-0.11%"
"Dec 09, 2019","313.88","314.44","315.18","313.80","34.90M","-0.31%"
"Dec 06, 2019","314.87","314.12","315.31","314.11","48.96M","0.91%"
"Dec 05, 2019","312.02","312.23","312.25","310.58","40.78M","0.18%"
"Dec 04, 2019","311.46","310.70","312.12","310.32","49.19M","0.62%"
"Dec 03, 2019","309.55","308.65","309.64","307.13","75.17M","-0.67%"
"Dec 02, 2019","311.64","314.59","314.66","311.17","76.11M","-0.85%"
"Nov 29, 2019","314.31","314.86","315.13","314.06","36.59M","-0.37%"
"Nov 27, 2019","315.48","314.61","315.48","314.37","44.79M","0.45%"
"Nov 26, 2019","314.08","313.41","314.28","313.06","37.73M","0.23%"
"Nov 25, 2019","313.37","311.98","313.37","311.98","48.76M","0.78%"
"Nov 22, 2019","310.96","311.09","311.24","309.85","44.85M","0.22%"
"Nov 21, 2019","310.27","310.89","311.01","309.39","54.66M","-0.16%"
"Nov 20, 2019","310.77","311.28","311.85","309.06","79.70M","-0.37%"
"Nov 19, 2019","311.93","312.68","312.69","311.22","67.93M","-0.03%"
"Nov 18, 2019","312.02","311.53","312.28","311.03","49.33M","0.07%"
"Nov 15, 2019","311.79","311.02","311.84","310.26","62.71M","0.72%"
"Nov 14, 2019","309.55","308.79","309.64","308.09","52.00M","0.15%"
"Nov 13, 2019","309.10","307.91","309.54","307.66","54.46M","0.03%"
"Nov 12, 2019","309.00","308.75","309.99","308.15","46.48M","0.21%"
"Nov 11, 2019","308.35","307.42","308.54","307.27","35.93M","-0.19%"
"Nov 08, 2019","308.94","307.80","309.00","307.03","49.07M","0.25%"
"Nov 07, 2019","308.18","308.57","309.65","307.66","54.27M","0.35%"
"Nov 06, 2019","307.10","307.03","307.40","306.06","46.49M","0.02%"
"Nov 05, 2019","307.03","307.59","307.92","306.71","42.93M","-0.11%"
"Nov 04, 2019","307.37","307.85","308.00","306.96","60.61M","0.40%"
"Nov 01, 2019","306.14","304.92","306.19","304.74","71.14M","0.93%"
"Oct 31, 2019","303.33","304.13","304.13","301.73","69.05M","-0.27%"
"Oct 30, 2019","304.14","303.43","304.55","301.99","49.64M","0.31%"
"Oct 29, 2019","303.21","303.00","304.23","302.86","44.28M","-0.03%"
"Oct 28, 2019","303.30","302.94","303.85","302.91","42.15M","0.56%"
"Oct 25, 2019","301.60","299.74","302.20","299.68","45.21M","0.41%"
"Oct 24, 2019","300.37","300.91","301.07","299.46","35.86M","0.16%"
"Oct 23, 2019","299.88","298.73","299.94","298.50","34.99M","0.29%"
"Oct 22, 2019","299.01","300.58","300.90","298.91","49.13M","-0.33%"
"Oct 21, 2019","299.99","299.42","300.21","298.94","39.46M","0.68%"
"Oct 18, 2019","297.97","298.69","299.39","296.99","64.34M","-0.44%"
"Oct 17, 2019","299.28","299.68","300.24","298.51","46.78M","0.29%"
"Oct 16, 2019","298.40","298.37","299.16","297.92","50.56M","-0.16%"
"Oct 15, 2019","298.88","297.10","299.70","296.97","47.83M","0.99%"
"Oct 14, 2019","295.95","295.93","296.67","295.57","40.55M","-0.11%"
"Oct 11, 2019","296.28","296.27","298.74","296.14","101.23M","1.04%"
"Oct 10, 2019","293.24","291.18","294.21","291.00","57.26M","0.68%"
"Oct 09, 2019","291.27","290.75","292.30","288.66","65.71M","0.95%"
"Oct 08, 2019","288.53","291.04","291.85","288.49","101.58M","-1.55%"
"Oct 07, 2019","293.08","293.47","295.26","292.77","60.66M","-0.43%"
"Oct 04, 2019","294.35","291.14","294.63","290.82","66.70M","1.35%"
"Oct 03, 2019","290.42","287.81","290.45","284.82","85.91M","0.82%"
"Oct 02, 2019","288.06","291.50","291.51","286.64","124.52M","-1.77%"
"Oct 01, 2019","293.24","297.74","298.45","293.00","89.90M","-1.19%"
"Sep 30, 2019","296.77","295.97","297.55","295.92","52.56M","0.46%"
"Sep 27, 2019","295.40","297.83","297.95","293.69","84.78M","-0.54%"
"Sep 26, 2019","297.00","297.63","297.86","295.45","58.72M","-0.21%"
"Sep 25, 2019","297.62","295.96","298.11","294.33","73.43M","0.59%"
"Sep 24, 2019","295.87","299.41","299.84","294.81","97.37M","-0.78%"
"Sep 23, 2019","298.21","297.55","299.00","297.27","47.54M","-0.02%"
"Sep 20, 2019","298.28","300.36","300.67","297.41","97.46M","-0.93%"
"Sep 19, 2019","301.08","301.53","302.63","300.71","78.10M","-0.01%"
"Sep 18, 2019","301.10","300.49","301.22","298.24","74.19M","0.06%"
"Sep 17, 2019","300.92","299.94","301.02","299.75","42.90M","0.25%"
"Sep 16, 2019","300.16","299.84","301.14","299.45","58.19M","-0.31%"
"Sep 13, 2019","301.09","301.78","302.17","300.68","62.10M","-0.07%"
"Sep 12, 2019","301.29","301.25","302.46","300.41","72.91M","0.35%"
"Sep 11, 2019","300.25","298.47","300.34","297.75","68.82M","0.71%"
"Sep 10, 2019","298.13","297.36","298.20","295.97","57.95M","-0.02%"
"Sep 09, 2019","298.20","299.14","299.24","297.16","51.26M","0.05%"
"Sep 06, 2019","298.05","298.17","298.76","297.42","49.58M","0.08%"
"Sep 05, 2019","297.82","296.79","298.83","294.00","83.36M","1.29%"
"Sep 04, 2019","294.04","293.14","294.06","292.31","47.00M","1.14%"
"Sep 03, 2019","290.74","290.57","291.58","289.27","69.23M","-0.58%"
"Aug 30, 2019","292.45","294.22","294.24","291.42","62.96M","-0.04%"
"Aug 29, 2019","292.58","291.72","293.16","290.61","58.00M","1.28%"
"Aug 28, 2019","288.89","286.14","289.07","285.25","59.85M","0.70%"
"Aug 27, 2019","286.87","289.54","289.95","286.03","68.26M","-0.39%"
"Aug 26, 2019","288.00","287.27","288.00","285.58","72.62M","1.11%"
"Aug 23, 2019","284.85","290.92","292.76","283.47","149.32M","-2.57%"
"Aug 22, 2019","292.36","293.23","293.93","290.40","51.74M","-0.03%"
"Aug 21, 2019","292.45","292.48","292.86","291.72","49.72M","0.81%"
"Aug 20, 2019","290.09","291.77","292.36","289.95","51.65M","-0.77%"
"Aug 19, 2019","292.33","292.19","293.08","291.44","53.64M","1.20%"
"Aug 16, 2019","288.85","286.48","289.33","284.71","85.83M","1.48%"
"Aug 15, 2019","284.65","284.88","285.64","282.39","101.93M","0.26%"
"Aug 14, 2019","283.90","288.07","292.46","283.76","135.62M","-2.96%"
"Aug 13, 2019","292.55","287.74","294.15","287.36","94.79M","1.56%"
"Aug 12, 2019","288.07","289.96","291.61","287.02","65.53M","-1.22%"
"Aug 09, 2019","291.62","292.58","293.24","289.65","93.73M","-0.68%"
"Aug 08, 2019","293.62","289.62","293.62","289.01","87.71M","1.96%"
"Aug 07, 2019","287.97","284.40","288.82","282.04","140.57M","0.06%"
"Aug 06, 2019","287.80","285.91","288.04","284.28","120.71M","1.40%"
"Aug 05, 2019","283.82","288.09","288.21","281.72","178.75M","-3.01%"
"Aug 02, 2019","292.62","293.85","294.12","290.90","116.75M","-0.75%"
"Aug 01, 2019","294.84","297.60","300.87","293.96","142.65M","-0.87%"
"Jul 31, 2019","297.43","300.99","301.20","295.20","104.25M","-1.09%"
"Jul 30, 2019","300.72","299.91","301.17","299.49","45.85M","-0.25%"
"Jul 29, 2019","301.46","301.88","301.93","300.85","38.13M","-0.18%"
"Jul 26, 2019","302.01","300.76","302.23","300.62","45.08M","0.67%"
"Jul 25, 2019","300.00","300.94","301.00","299.11","55.39M","-0.48%"
"Jul 24, 2019","301.44","299.19","301.44","299.09","47.21M","0.47%"
"Jul 23, 2019","300.03","299.14","300.03","298.22","44.66M","0.72%"
"Jul 22, 2019","297.90","297.61","298.50","297.04","43.69M","0.25%"
"Jul 19, 2019","297.17","300.04","300.07","296.96","71.08M","-0.56%"
"Jul 18, 2019","298.83","297.19","299.25","296.70","51.70M","0.37%"
"Jul 17, 2019","297.74","299.75","299.93","297.74","44.10M","-0.66%"
"Jul 16, 2019","299.71","300.65","300.88","299.44","40.57M","-0.35%"
"Jul 15, 2019","300.75","301.13","301.13","300.19","33.91M","0.03%"
"Jul 12, 2019","300.65","299.85","300.73","299.51","40.35M","0.45%"
"Jul 11, 2019","299.31","299.32","299.58","298.20","50.89M","0.23%"
"Jul 10, 2019","298.61","298.37","299.66","297.78","58.60M","0.48%"
"Jul 09, 2019","297.19","295.54","297.52","295.48","41.10M","0.12%"
"Jul 08, 2019","296.82","297.01","298.26","296.22","45.84M","-0.55%"
"Jul 05, 2019","298.46","297.44","298.64","296.01","51.68M","-0.11%"
"Jul 03, 2019","298.80","297.18","298.82","297.02","40.90M","0.80%"
"Jul 02, 2019","296.43","295.61","296.49","294.68","61.50M","0.26%"
"Jul 01, 2019","295.66","296.68","296.92","294.33","79.11M","0.91%"
"Jun 28, 2019","293.00","292.58","293.55","292.01","59.35M","0.51%"
"Jun 27, 2019","291.50","291.31","292.06","290.89","40.36M","0.35%"
"Jun 26, 2019","290.47","291.75","292.31","290.35","51.58M","-0.10%"
"Jun 25, 2019","290.76","293.70","293.73","290.64","82.03M","-0.98%"
"Jun 24, 2019","293.64","294.23","294.58","293.47","47.58M","-0.12%"
"Jun 21, 2019","294.00","294.13","295.52","293.76","83.31M","-0.63%"
"Jun 20, 2019","295.86","296.04","296.31","293.13","116.57M","0.96%"
"Jun 19, 2019","293.06","292.55","293.65","291.47","78.67M","0.23%"
"Jun 18, 2019","292.40","291.39","293.57","290.99","85.43M","1.05%"
"Jun 17, 2019","289.37","289.52","290.22","289.18","39.21M","0.04%"
"Jun 14, 2019","289.26","289.26","289.93","288.41","52.32M","-0.11%"
"Jun 13, 2019","289.58","289.40","289.98","288.62","48.95M","0.41%"
"Jun 12, 2019","288.39","288.64","289.26","287.81","47.10M","-0.18%"
"Jun 11, 2019","288.90","290.99","291.40","288.18","58.64M","-0.02%"
"Jun 10, 2019","288.97","289.37","290.82","288.87","60.80M","0.46%"
"Jun 07, 2019","287.65","285.93","288.85","285.74","74.27M","1.00%"
"Jun 06, 2019","284.80","283.29","285.55","282.57","69.43M","0.65%"
"Jun 05, 2019","282.96","282.33","282.99","280.32","71.17M","0.87%"
"Jun 04, 2019","280.53","277.12","280.68","276.62","77.23M","2.17%"
"Jun 03, 2019","274.57","275.31","276.55","273.09","96.43M","-0.25%"
"May 31, 2019","275.27","276.20","277.12","275.24","86.86M","-1.35%"
"May 30, 2019","279.03","279.11","280.04","277.81","62.52M","0.27%"
"May 29, 2019","278.27","278.91","279.36","276.71","104.97M","-0.67%"
"May 28, 2019","280.15","283.09","284.15","280.13","70.03M","-0.93%"
"May 24, 2019","282.78","283.74","284.20","282.09","55.27M","0.23%"
"May 23, 2019","282.14","283.16","283.21","280.57","98.73M","-1.22%"
"May 22, 2019","285.63","285.45","286.69","285.10","49.48M","-0.31%"
"May 21, 2019","286.51","285.83","286.93","285.55","46.85M","0.90%"
"May 20, 2019","283.95","284.06","285.43","283.12","62.88M","-0.66%"
"May 17, 2019","285.84","285.14","288.60","285.12","100.35M","-0.65%"
"May 16, 2019","287.70","285.84","289.21","285.76","76.75M","0.93%"
"May 15, 2019","285.06","281.59","285.77","281.36","73.96M","0.59%"
"May 14, 2019","283.40","281.99","285.10","281.85","77.00M","0.90%"
"May 13, 2019","280.86","282.42","283.49","279.93","127.29M","-2.51%"
"May 10, 2019","288.10","285.62","288.94","282.30","112.43M","0.50%"
"May 09, 2019","286.66","285.23","287.33","283.30","103.47M","-0.30%"
"May 08, 2019","287.53","287.53","289.43","286.87","91.57M","-0.14%"
"May 07, 2019","287.93","290.15","290.81","285.81","144.73M","-1.67%"
"May 06, 2019","292.82","289.25","293.31","288.90","107.20M","-0.41%"
"May 03, 2019","294.03","292.82","294.34","291.30","56.54M","0.98%"
"May 02, 2019","291.18","291.68","292.70","289.52","65.03M","-0.22%"
"May 01, 2019","291.81","294.72","294.95","291.80","71.67M","-0.75%"
"Apr 30, 2019","294.02","293.49","294.34","291.92","81.11M","0.05%"
"Apr 29, 2019","293.87","293.51","294.45","293.41","57.20M","0.16%"
"Apr 26, 2019","293.41","292.10","293.49","291.24","50.92M","0.47%"
"Apr 25, 2019","292.05","292.12","292.78","290.73","57.77M","-0.06%"
"Apr 24, 2019","292.23","292.79","293.16","292.07","50.39M","-0.22%"
"Apr 23, 2019","292.88","290.68","293.14","290.42","52.25M","0.90%"
"Apr 22, 2019","290.27","289.17","290.44","289.07","40.16M","0.09%"
"Apr 18, 2019","290.02","290.10","290.32","288.66","68.71M","0.20%"
"Apr 17, 2019","289.45","291.40","291.43","288.99","58.27M","-0.24%"
"Apr 16, 2019","290.16","290.95","291.01","289.50","52.15M","0.07%"
"Apr 15, 2019","289.97","290.24","290.35","289.07","49.60M","-0.07%"
"Apr 12, 2019","290.16","290.00","290.47","288.26","69.73M","0.68%"
"Apr 11, 2019","288.21","288.83","288.84","287.58","55.09M","-0.03%"
"Apr 10, 2019","288.29","287.77","288.39","287.31","52.60M","0.34%"
"Apr 09, 2019","287.31","287.72","288.08","286.70","66.14M","-0.51%"
"Apr 08, 2019","288.79","288.10","288.91","287.37","53.57M","0.08%"
"Apr 05, 2019","288.57","287.92","288.63","287.60","58.62M","0.48%"
"Apr 04, 2019","287.18","286.78","287.46","286.01","49.00M","0.27%"
"Apr 03, 2019","286.42","287.32","287.76","285.75","68.24M","0.16%"
"Apr 02, 2019","285.97","286.04","286.23","285.09","40.07M","0.05%"
"Apr 01, 2019","285.83","284.70","286.16","284.40","77.62M","1.19%"
"Mar 29, 2019","282.48","282.39","282.84","281.14","82.19M","0.63%"
"Mar 28, 2019","280.71","280.35","281.21","279.07","56.24M","0.38%"
"Mar 27, 2019","279.65","281.11","281.76","277.93","72.22M","-0.52%"
"Mar 26, 2019","281.12","280.99","282.18","279.56","68.13M","0.75%"
"Mar 25, 2019","279.04","278.87","280.19","277.64","85.58M","-0.08%"
"Mar 22, 2019","279.25","283.22","283.80","279.18","122.66M","-1.92%"
"Mar 21, 2019","284.73","280.64","285.18","280.59","79.55M","1.13%"
"Mar 20, 2019","281.55","282.16","283.50","280.32","84.61M","-0.30%"
"Mar 19, 2019","282.40","283.51","284.36","281.41","90.27M","0.02%"
"Mar 18, 2019","282.33","281.55","282.66","281.30","62.20M","0.36%"
"Mar 15, 2019","281.31","280.54","282.21","280.33","81.31M","0.05%"
"Mar 14, 2019","281.16","281.37","281.84","280.67","67.52M","-0.06%"
"Mar 13, 2019","281.34","280.48","282.38","280.30","80.64M","0.66%"
"Mar 12, 2019","279.49","279.06","280.07","278.85","79.67M","0.38%"
"Mar 11, 2019","278.44","275.26","278.62","275.23","65.10M","1.45%"
"Mar 08, 2019","274.46","272.94","274.65","272.42","85.80M","-0.20%"
"Mar 07, 2019","275.01","276.83","276.99","274.07","94.89M","-0.84%"
"Mar 06, 2019","277.33","279.15","279.16","276.97","75.04M","-0.61%"
"Mar 05, 2019","279.02","279.54","279.76","278.41","59.11M","-0.14%"
"Mar 04, 2019","279.40","281.60","281.87","276.84","106.49M","-0.36%"
"Mar 01, 2019","280.42","280.44","280.88","278.82","78.88M","0.62%"
"Feb 28, 2019","278.68","278.96","279.45","278.32","69.27M","-0.19%"
"Feb 27, 2019","279.20","278.52","279.59","277.48","56.92M","-0.04%"
"Feb 26, 2019","279.32","279.13","280.30","278.90","56.84M","-0.07%"
"Feb 25, 2019","279.52","280.73","281.31","279.43","69.03M","0.14%"
"Feb 22, 2019","279.14","278.11","279.36","277.40","78.11M","0.62%"
"Feb 21, 2019","277.42","277.70","278.10","276.35","64.21M","-0.36%"
"Feb 20, 2019","278.41","277.81","278.92","277.25","76.61M","0.20%"
"Feb 19, 2019","277.85","276.48","278.58","276.47","59.12M","0.17%"
"Feb 15, 2019","277.37","276.36","277.41","276.13","97.09M","1.09%"
"Feb 14, 2019","274.38","273.78","275.64","272.87","83.23M","-0.22%"
"Feb 13, 2019","274.99","275.03","275.93","274.56","65.28M","0.32%"
"Feb 12, 2019","274.10","272.42","274.52","272.34","72.27M","1.29%"
"Feb 11, 2019","270.62","271.20","271.49","270.03","68.02M","0.06%"
"Feb 08, 2019","270.47","268.75","270.58","267.83","75.79M","0.12%"
"Feb 07, 2019","270.14","270.94","271.55","268.29","95.48M","-0.95%"
"Feb 06, 2019","272.74","272.79","273.34","271.92","58.35M","-0.13%"
"Feb 05, 2019","273.10","272.44","273.44","271.88","79.55M","0.42%"
"Feb 04, 2019","271.96","270.11","272.03","269.36","60.74M","0.70%"
"Feb 01, 2019","270.06","270.15","271.20","269.18","85.78M","0.05%"
"Jan 31, 2019","269.93","267.51","270.47","267.27","104.01M","0.88%"
"Jan 30, 2019","267.58","265.10","268.52","264.25","92.47M","1.58%"
"Jan 29, 2019","263.41","263.92","264.55","262.48","66.14M","-0.13%"
"Jan 28, 2019","263.76","263.39","263.83","261.79","85.61M","-0.76%"
"Jan 25, 2019","265.78","265.61","266.70","263.66","96.88M","0.85%"
"Jan 24, 2019","263.55","263.21","264.20","262.08","59.20M","0.05%"
"Jan 23, 2019","263.41","264.01","264.79","260.66","86.03M","0.21%"
"Jan 22, 2019","262.86","264.82","265.06","261.06","115.53M","-1.35%"
"Jan 18, 2019","266.46","264.98","266.98","263.00","127.90M","1.33%"
"Jan 17, 2019","262.96","260.01","263.92","259.96","96.12M","0.76%"
"Jan 16, 2019","260.98","260.83","261.97","260.60","77.64M","0.24%"
"Jan 15, 2019","260.35","257.82","260.70","257.81","85.21M","1.15%"
"Jan 14, 2019","257.40","256.86","258.30","256.41","70.91M","-0.61%"
"Jan 11, 2019","258.98","257.68","259.01","257.03","73.86M","0.04%"
"Jan 10, 2019","258.88","256.26","259.16","255.50","96.82M","0.35%"
"Jan 09, 2019","257.97","257.56","258.91","256.19","95.01M","0.47%"
"Jan 08, 2019","256.77","256.82","257.31","254.00","102.51M","0.94%"
"Jan 07, 2019","254.38","252.69","255.95","251.69","103.14M","0.79%"
"Jan 04, 2019","252.39","247.59","253.11","247.17","142.63M","3.35%"
"Jan 03, 2019","244.21","248.23","248.57","243.67","144.14M","-2.39%"
"Jan 02, 2019","250.18","245.98","251.21","245.95","126.93M","0.10%"
"Dec 31, 2018","249.92","249.56","250.19","247.47","144.30M","0.88%"
"Dec 28, 2018","247.75","249.58","251.40","246.45","153.10M","-0.13%"
"Dec 27, 2018","248.07","242.57","248.29","238.96","186.27M","0.77%"
"Dec 26, 2018","246.18","235.97","246.18","233.76","218.49M","5.05%"
"Dec 24, 2018","234.34","239.04","240.84","234.27","147.31M","-2.64%"
"Dec 21, 2018","240.70","246.74","249.71","239.98","255.35M","-2.62%"
"Dec 20, 2018","247.17","249.86","251.62","244.65","252.05M","-1.63%"
"Dec 19, 2018","251.26","255.17","259.40","249.35","214.99M","-1.50%"
"Dec 18, 2018","255.08","257.20","257.95","253.28","134.52M","-0.11%"
"Dec 17, 2018","255.36","259.40","260.65","253.53","165.49M","-1.96%"
"Dec 14, 2018","260.47","262.96","264.03","259.85","116.96M","-1.85%"
"Dec 13, 2018","265.37","266.52","267.49","264.12","96.66M","-0.03%"
"Dec 12, 2018","265.46","267.47","269.00","265.37","97.98M","0.50%"
"Dec 11, 2018","264.13","267.66","267.87","262.48","121.50M","0.02%"
"Dec 10, 2018","264.07","263.37","265.16","258.62","151.45M","0.19%"
"Dec 07, 2018","263.57","269.46","271.22","262.63","161.02M","-2.32%"
"Dec 06, 2018","269.84","265.92","269.97","262.44","204.19M","-0.15%"
"Dec 04, 2018","270.25","278.37","278.85","269.90","177.99M","-3.24%"
"Dec 03, 2018","279.30","280.28","280.40","277.50","103.02M","1.32%"
"Nov 30, 2018","275.65","273.81","276.28","273.45","98.20M","0.61%"
"Nov 29, 2018","273.98","273.71","275.55","272.43","82.35M","-0.22%"
"Nov 28, 2018","274.58","269.60","274.58","268.33","127.63M","2.30%"
"Nov 27, 2018","268.40","266.34","268.40","265.66","75.50M","0.34%"
"Nov 26, 2018","267.50","265.78","267.75","265.34","79.98M","1.61%"
"Nov 23, 2018","263.25","263.18","264.82","263.07","42.81M","-0.67%"
"Nov 21, 2018","265.02","265.86","267.15","265.01","75.56M","0.34%"
"Nov 20, 2018","264.12","265.36","267.00","263.15","136.02M","-1.85%"
"Nov 19, 2018","269.10","273.05","273.38","268.07","103.06M","-1.69%"
"Nov 16, 2018","273.73","271.79","274.75","271.21","126.67M","0.26%"
"Nov 15, 2018","273.02","268.78","273.54","267.01","135.10M","1.04%"
"Nov 14, 2018","270.20","274.16","274.61","268.45","125.34M","-0.68%"
"Nov 13, 2018","272.06","273.09","275.32","271.25","98.18M","-0.19%"
"Nov 12, 2018","272.57","277.19","277.46","271.99","99.67M","-1.87%"
"Nov 09, 2018","277.76","279.03","279.24","276.18","98.81M","-0.98%"
"Nov 08, 2018","280.50","280.11","281.22","279.22","65.58M","-0.18%"
"Nov 07, 2018","281.01","277.56","281.10","277.08","102.75M","2.14%"
"Nov 06, 2018","275.12","273.32","275.30","273.25","60.09M","0.63%"
"Nov 05, 2018","273.39","272.44","274.01","271.35","65.62M","0.55%"
"Nov 02, 2018","271.89","274.75","275.23","269.59","122.63M","-0.59%"
"Nov 01, 2018","273.51","271.60","273.73","270.38","99.50M","1.06%"
"Oct 31, 2018","270.63","270.65","273.23","270.12","128.30M","1.07%"
"Oct 30, 2018","267.77","263.67","268.12","263.12","157.12M","1.48%"
"Oct 29, 2018","263.86","268.80","270.25","259.85","160.75M","-0.55%"
"Oct 26, 2018","265.33","265.92","271.00","262.29","201.57M","-1.76%"
"Oct 25, 2018","270.08","267.38","271.81","266.23","138.06M","1.79%"
"Oct 24, 2018","265.32","273.33","273.76","264.70","177.81M","-3.03%"
"Oct 23, 2018","273.61","270.95","274.87","268.61","146.35M","-0.51%"
"Oct 22, 2018","275.01","277.00","277.36","274.41","82.42M","-0.45%"
"Oct 19, 2018","276.25","277.13","279.30","275.47","139.90M","-0.05%"
"Oct 18, 2018","276.40","279.40","280.07","274.97","134.56M","-1.44%"
"Oct 17, 2018","280.45","280.44","281.15","277.56","110.63M","0.02%"
"Oct 16, 2018","280.40","276.60","280.82","276.07","118.26M","2.19%"
"Oct 15, 2018","274.40","275.55","277.04","274.30","102.26M","-0.56%"
"Oct 12, 2018","275.95","276.77","277.09","272.37","183.19M","1.39%"
"Oct 11, 2018","272.17","277.08","278.90","270.36","274.84M","-2.20%"
"Oct 10, 2018","278.30","286.83","286.91","277.88","214.73M","-3.17%"
"Oct 09, 2018","287.40","287.39","288.86","286.77","74.34M","-0.15%"
"Oct 08, 2018","287.82","287.05","288.22","285.50","87.74M","0.00%"
"Oct 05, 2018","287.82","289.69","290.27","286.22","105.95M","-0.56%"
"Oct 04, 2018","289.44","291.18","291.24","287.66","111.55M","-0.78%"
"Oct 03, 2018","291.72","292.74","293.21","291.32","64.69M","0.05%"
"Oct 02, 2018","291.56","291.56","292.36","291.14","47.26M","-0.06%"
"Oct 01, 2018","291.73","292.11","292.93","290.98","62.08M","0.35%"
"Sep 28, 2018","290.72","289.99","291.28","289.95","70.09M","0.01%"
"Sep 27, 2018","290.69","290.41","291.91","290.10","59.25M","0.28%"
"Sep 26, 2018","289.88","290.91","292.24","289.41","79.74M","-0.30%"
"Sep 25, 2018","290.75","291.53","291.65","290.48","44.37M","-0.09%"
"Sep 24, 2018","291.02","291.34","291.50","290.37","53.41M","-0.33%"
"Sep 21, 2018","291.99","293.09","293.22","291.81","105.48M","-0.54%"
"Sep 20, 2018","293.58","292.64","293.94","291.24","100.36M","0.81%"
"Sep 19, 2018","291.22","290.97","291.69","290.82","49.08M","0.11%"
"Sep 18, 2018","290.91","289.58","291.58","289.55","61.93M","0.54%"
"Sep 17, 2018","289.34","290.82","290.86","289.03","68.24M","-0.53%"
"Sep 14, 2018","290.88","291.06","291.27","290.00","55.08M","0.02%"
"Sep 13, 2018","290.83","290.32","291.04","290.00","51.03M","0.59%"
"Sep 12, 2018","289.12","289.06","289.80","288.23","59.81M","0.02%"
"Sep 11, 2018","289.05","287.37","289.55","286.98","50.53M","0.33%"
"Sep 10, 2018","288.10","288.74","289.04","287.88","50.21M","0.17%"
"Sep 07, 2018","287.60","286.98","288.70","286.71","73.52M","-0.19%"
"Sep 06, 2018","288.16","289.15","289.49","287.00","65.91M","-0.30%"
"Sep 05, 2018","289.03","289.41","289.64","287.89","72.45M","-0.27%"
"Sep 04, 2018","289.81","289.84","290.21","288.68","57.59M","-0.17%"
"Aug 31, 2018","290.31","289.84","290.81","289.29","66.14M","0.00%"
"Aug 30, 2018","290.30","290.94","291.36","289.63","61.23M","-0.40%"
"Aug 29, 2018","291.48","290.16","291.74","289.89","61.49M","0.54%"
"Aug 28, 2018","289.92","290.30","290.42","289.40","46.94M","0.05%"
"Aug 27, 2018","289.78","288.86","289.90","288.68","57.07M","0.79%"
"Aug 24, 2018","287.51","286.44","287.67","286.38","57.49M","0.60%"
"Aug 23, 2018","285.79","285.97","286.94","285.43","49.20M","-0.13%"
"Aug 22, 2018","286.17","285.88","286.76","285.57","44.99M","-0.06%"
"Aug 21, 2018","286.34","286.25","287.31","285.71","67.27M","0.23%"
"Aug 20, 2018","285.67","285.57","285.97","285.06","39.81M","0.21%"
"Aug 17, 2018","285.06","283.83","285.56","283.37","65.62M","0.35%"
"Aug 16, 2018","284.06","283.40","285.04","283.36","69.97M","0.81%"
"Aug 15, 2018","281.78","282.38","282.54","280.16","102.93M","-0.75%"
"Aug 14, 2018","283.90","282.92","284.17","282.48","43.84M","0.64%"
"Aug 13, 2018","282.10","283.47","284.16","281.77","65.73M","-0.37%"
"Aug 10, 2018","283.16","283.45","284.06","282.36","77.08M","-0.67%"
"Aug 09, 2018","285.07","285.53","285.97","284.92","35.72M","-0.14%"
"Aug 08, 2018","285.46","285.39","285.91","284.94","42.11M","-0.04%"
"Aug 07, 2018","285.58","285.39","286.01","285.24","43.20M","0.33%"
"Aug 06, 2018","284.64","283.64","284.99","283.20","39.40M","0.37%"
"Aug 03, 2018","283.60","282.53","283.66","282.33","53.94M","0.43%"
"Aug 02, 2018","282.39","279.39","282.58","279.16","63.43M","0.54%"
"Aug 01, 2018","280.86","281.56","282.13","280.13","53.85M","-0.17%"
"Jul 31, 2018","281.33","280.81","282.02","280.38","68.57M","0.49%"
"Jul 30, 2018","279.95","281.51","281.69","279.36","63.74M","-0.52%"
"Jul 27, 2018","281.42","283.71","283.82","280.38","76.78M","-0.68%"
"Jul 26, 2018","283.34","283.20","284.11","283.09","57.92M","-0.24%"
"Jul 25, 2018","284.01","281.33","284.37","281.28","78.88M","0.85%"
"Jul 24, 2018","281.61","281.79","282.56","280.63","68.03M","0.50%"
"Jul 23, 2018","280.20","279.45","280.43","279.06","47.05M","0.19%"
"Jul 20, 2018","279.68","279.77","280.48","279.50","82.37M","-0.11%"
"Jul 19, 2018","280.00","280.31","280.74","279.46","61.41M","-0.38%"
"Jul 18, 2018","281.06","280.56","281.18","280.06","44.59M","0.21%"
"Jul 17, 2018","280.47","278.47","280.91","278.41","52.32M","0.40%"
"Jul 16, 2018","279.34","279.64","279.80","278.84","48.20M","-0.09%"
"Jul 13, 2018","279.59","279.17","279.93","278.66","48.23M","0.08%"
"Jul 12, 2018","279.37","278.28","279.43","277.60","60.12M","0.91%"
"Jul 11, 2018","276.86","277.15","278.04","276.52","77.05M","-0.73%"
"Jul 10, 2018","278.90","278.41","279.01","278.08","51.97M","0.36%"
"Jul 09, 2018","277.90","276.55","277.96","276.50","50.55M","0.90%"
"Jul 06, 2018","275.42","273.14","275.84","272.71","66.49M","0.85%"
"Jul 05, 2018","273.11","272.17","273.18","270.96","56.93M","0.82%"
"Jul 03, 2018","270.90","272.87","272.98","270.42","42.19M","-0.35%"
"Jul 02, 2018","271.86","269.51","272.04","269.24","63.55M","0.21%"
"Jun 29, 2018","271.28","272.12","273.66","271.15","97.59M","0.14%"
"Jun 28, 2018","270.89","269.29","271.75","268.49","76.65M","0.57%"
"Jun 27, 2018","269.35","272.26","273.87","269.18","105.11M","-0.83%"
"Jun 26, 2018","271.60","271.64","272.56","270.79","68.68M","0.22%"
"Jun 25, 2018","271.00","273.44","273.62","269.10","137.85M","-1.36%"
"Jun 22, 2018","274.74","275.66","275.79","274.49","56.61M","0.18%"
"Jun 21, 2018","274.24","275.96","275.98","273.68","71.06M","-0.63%"
"Jun 20, 2018","275.97","276.27","276.72","275.59","53.79M","0.17%"
"Jun 19, 2018","275.50","274.00","275.75","273.53","97.53M","-0.38%"
"Jun 18, 2018","276.56","275.49","276.70","274.95","52.92M","-0.21%"
"Jun 15, 2018","277.13","276.60","277.51","275.35","120.04M","-0.57%"
"Jun 14, 2018","278.73","279.01","279.33","278.06","77.10M","0.25%"
"Jun 13, 2018","278.03","279.19","279.48","277.80","79.07M","-0.32%"
"Jun 12, 2018","278.92","279.03","279.33","278.19","72.33M","0.13%"
"Jun 11, 2018","278.56","278.44","279.37","278.31","58.89M","0.13%"
"Jun 08, 2018","278.19","276.85","278.25","276.66","72.14M","0.30%"
"Jun 07, 2018","277.37","277.95","278.28","276.34","72.97M","-0.01%"
"Jun 06, 2018","277.40","275.79","277.52","275.09","62.73M","0.84%"
"Jun 05, 2018","275.10","275.05","275.53","274.18","51.14M","0.07%"
"Jun 04, 2018","274.90","274.53","275.19","274.26","45.39M","0.48%"
"Jun 01, 2018","273.60","272.41","273.94","272.33","71.26M","0.98%"
"May 31, 2018","270.94","272.15","272.49","270.25","93.52M","-0.61%"
"May 30, 2018","272.61","270.50","273.11","270.42","69.68M","1.33%"
"May 29, 2018","269.02","270.31","271.17","267.76","115.91M","-1.15%"
"May 25, 2018","272.15","272.15","272.86","271.58","56.37M","-0.24%"
"May 24, 2018","272.80","272.91","273.22","270.78","76.04M","-0.20%"
"May 23, 2018","273.36","271.17","273.39","270.99","64.69M","0.28%"
"May 22, 2018","272.61","273.96","274.25","272.24","52.97M","-0.28%"
"May 21, 2018","273.37","273.01","273.98","271.35","58.03M","0.75%"
"May 18, 2018","271.33","271.62","272.03","270.93","64.37M","-0.25%"
"May 17, 2018","272.01","271.94","273.23","271.13","56.54M","-0.08%"
"May 16, 2018","272.24","271.14","272.76","271.11","53.94M","0.42%"
"May 15, 2018","271.10","271.59","271.61","270.03","87.04M","-0.69%"
"May 14, 2018","272.98","273.34","274.08","272.36","54.79M","0.05%"
"May 11, 2018","272.85","272.16","273.15","271.58","59.87M","0.31%"
"May 10, 2018","272.02","270.34","272.39","270.22","72.06M","0.94%"
"May 09, 2018","269.50","267.68","269.87","267.09","59.67M","0.97%"
"May 08, 2018","266.92","266.50","267.32","265.15","67.50M","0.00%"
"May 07, 2018","266.92","266.89","268.02","266.11","55.30M","0.34%"
"May 04, 2018","266.02","261.52","266.79","261.15","91.22M","1.29%"
"May 03, 2018","262.62","262.26","263.36","259.05","136.31M","-0.22%"
"May 02, 2018","263.20","264.76","265.68","262.76","86.37M","-0.67%"
"May 01, 2018","264.98","263.87","265.10","262.11","74.20M","0.18%"
"Apr 30, 2018","264.51","267.26","267.89","264.43","82.18M","-0.77%"
"Apr 27, 2018","266.56","267.00","267.34","265.50","57.05M","0.09%"
"Apr 26, 2018","266.31","264.79","267.25","264.29","67.73M","1.02%"
"Apr 25, 2018","263.63","262.91","264.13","260.85","103.84M","0.25%"
"Apr 24, 2018","262.98","267.73","267.98","261.28","112.89M","-1.35%"
"Apr 23, 2018","266.57","267.26","267.89","265.35","65.56M","-0.01%"
"Apr 20, 2018","266.61","268.81","269.06","265.61","99.95M","-0.85%"
"Apr 19, 2018","268.89","269.65","269.88","267.72","77.66M","-0.55%"
"Apr 18, 2018","270.39","270.69","271.30","269.87","57.30M","0.07%"
"Apr 17, 2018","270.19","269.33","270.87","268.75","64.68M","1.07%"
"Apr 16, 2018","267.33","267.00","268.20","266.07","63.41M","0.82%"
"Apr 13, 2018","265.15","267.41","267.54","264.01","85.08M","-0.29%"
"Apr 12, 2018","265.93","265.26","267.00","265.06","68.89M","0.82%"
"Apr 11, 2018","263.76","263.47","265.64","263.39","91.14M","-0.52%"
"Apr 10, 2018","265.15","264.27","266.04","262.98","105.57M","1.59%"
"Apr 09, 2018","261.00","261.37","264.84","259.94","105.44M","0.49%"
"Apr 06, 2018","259.72","263.42","265.11","258.00","179.52M","-2.23%"
"Apr 05, 2018","265.64","265.55","266.64","264.32","82.65M","0.79%"
"Apr 04, 2018","263.56","256.75","264.36","256.60","123.72M","1.07%"
"Apr 03, 2018","260.77","258.87","261.31","256.84","119.96M","1.28%"
"Apr 02, 2018","257.47","262.55","263.13","254.67","186.29M","-2.16%"
"Mar 29, 2018","263.15","261.12","265.26","259.84","124.24M","1.28%"
"Mar 28, 2018","259.83","260.75","262.64","258.58","146.45M","-0.30%"
"Mar 27, 2018","260.60","266.17","266.77","258.84","129.94M","-1.70%"
"Mar 26, 2018","265.11","262.13","265.43","259.41","141.96M","2.74%"
"Mar 23, 2018","258.05","264.17","265.02","257.83","183.53M","-2.13%"
"Mar 22, 2018","263.67","267.91","268.87","263.36","148.79M","-2.50%"
"Mar 21, 2018","270.43","270.90","273.27","270.19","78.71M","-0.19%"
"Mar 20, 2018","270.95","270.94","271.67","270.18","59.76M","0.17%"
"Mar 19, 2018","270.49","273.35","274.40","268.62","109.21M","-1.35%"
"Mar 16, 2018","274.20","274.50","275.39","274.14","100.34M","-0.29%"
"Mar 15, 2018","275.00","275.88","276.61","274.43","83.43M","-0.11%"
"Mar 14, 2018","275.30","277.81","278.02","274.67","105.90M","-0.51%"
"Mar 13, 2018","276.72","279.84","280.41","276.03","91.97M","-0.65%"
"Mar 12, 2018","278.52","279.20","279.91","278.08","71.92M","-0.13%"
"Mar 09, 2018","278.87","275.70","278.87","275.34","113.63M","1.74%"
"Mar 08, 2018","274.10","273.55","274.24","272.42","66.90M","0.48%"
"Mar 07, 2018","272.78","270.42","273.18","270.20","87.06M","-0.04%"
"Mar 06, 2018","272.88","273.30","273.39","271.18","79.21M","0.25%"
"Mar 05, 2018","272.19","267.73","272.89","267.61","97.31M","1.16%"
"Mar 02, 2018","269.08","265.80","269.72","264.82","139.08M","0.52%"
"Mar 01, 2018","267.70","271.41","273.17","266.00","176.86M","-1.45%"
"Feb 28, 2018","271.65","275.68","276.19","271.29","121.91M","-1.01%"
"Feb 27, 2018","274.43","278.11","278.92","274.36","99.10M","-1.25%"
"Feb 26, 2018","277.90","275.93","278.01","275.26","86.49M","1.16%"
"Feb 23, 2018","274.71","271.79","274.71","271.25","92.77M","1.59%"
"Feb 22, 2018","270.40","271.10","273.05","269.64","110.51M","0.13%"
"Feb 21, 2018","270.05","271.90","274.72","269.94","98.88M","-0.50%"
"Feb 20, 2018","271.40","272.03","273.67","270.50","86.37M","-0.63%"
"Feb 16, 2018","273.11","272.32","275.32","272.27","160.42M","0.03%"
"Feb 15, 2018","273.03","271.57","273.04","268.77","111.20M","1.28%"
"Feb 14, 2018","269.59","264.31","270.00","264.30","120.74M","1.35%"
"Feb 13, 2018","266.00","263.97","266.62","263.31","81.22M","0.25%"
"Feb 12, 2018","265.34","263.83","267.01","261.66","143.74M","1.47%"
"Feb 09, 2018","261.50","260.80","263.61","252.92","283.57M","1.50%"
"Feb 08, 2018","257.63","268.01","268.17","257.59","246.45M","-3.75%"
"Feb 07, 2018","267.67","268.50","272.36","267.58","167.38M","-0.54%"
"Feb 06, 2018","269.13","259.94","269.70","258.70","355.03M","1.97%"
"Feb 05, 2018","263.93","273.45","275.85","263.31","294.68M","-4.18%"
"Feb 02, 2018","275.45","280.08","280.23","275.41","173.17M","-2.18%"
"Feb 01, 2018","281.58","281.07","283.06","280.68","90.10M","-0.11%"
"Jan 31, 2018","281.90","282.73","283.30","280.68","118.95M","0.05%"
"Jan 30, 2018","281.76","282.60","284.74","281.22","131.80M","-1.03%"
"Jan 29, 2018","284.68","285.93","286.43","284.50","90.12M","-0.66%"
"Jan 26, 2018","286.58","284.25","286.63","283.96","107.74M","1.16%"
"Jan 25, 2018","283.30","284.16","284.27","282.40","84.59M","0.04%"
"Jan 24, 2018","283.18","284.02","284.70","281.84","134.82M","-0.04%"
"Jan 23, 2018","283.29","282.74","283.62","282.37","97.08M","0.21%"
"Jan 22, 2018","282.69","280.17","282.69","280.11","91.32M","0.81%"
"Jan 19, 2018","280.41","279.80","280.41","279.14","140.92M","0.45%"
"Jan 18, 2018","279.14","279.48","279.96","278.58","100.73M","-0.17%"
"Jan 17, 2018","279.61","278.03","280.05","276.97","113.26M","0.95%"
"Jan 16, 2018","276.97","279.35","280.09","276.18","106.56M","-0.34%"
"Jan 12, 2018","277.92","276.42","278.11","276.08","90.82M","0.65%"
"Jan 11, 2018","276.12","274.75","276.12","274.56","62.36M","0.73%"
"Jan 10, 2018","274.12","273.68","274.42","272.92","69.57M","-0.15%"
"Jan 09, 2018","274.54","274.40","275.25","274.08","57.25M","0.23%"
"Jan 08, 2018","273.92","273.31","274.10","272.98","57.32M","0.18%"
"Jan 05, 2018","273.42","272.51","273.56","271.95","83.52M","0.67%"
"Jan 04, 2018","271.61","271.20","272.16","270.54","80.64M","0.42%"
"Jan 03, 2018","270.47","268.96","270.64","268.96","90.07M","0.63%"
"Jan 02, 2018","268.77","267.84","268.81","267.40","86.66M","0.72%"
"Dec 29, 2017","266.86","268.53","268.55","266.64","96.01M","-0.38%"
"Dec 28, 2017","267.87","267.89","267.92","267.45","45.12M","0.21%"
"Dec 27, 2017","267.32","267.38","267.73","267.01","57.75M","0.05%"
"Dec 26, 2017","267.19","267.05","267.44","266.88","45.24M","-0.12%"
"Dec 22, 2017","267.51","267.60","267.63","266.90","78.72M","-0.03%"
"Dec 21, 2017","267.58","267.74","268.38","267.30","67.03M","0.21%"
"Dec 20, 2017","267.03","268.27","268.33","266.69","76.75M","-0.05%"
"Dec 19, 2017","267.17","268.48","268.53","267.09","82.38M","-0.38%"
"Dec 18, 2017","268.20","268.10","268.60","267.98","83.65M","0.63%"
"Dec 15, 2017","266.51","265.45","267.04","265.39","144.61M","0.32%"
"Dec 14, 2017","265.66","267.09","267.22","265.60","100.67M","-0.41%"
"Dec 13, 2017","266.75","267.06","267.56","266.65","102.91M","-0.01%"
"Dec 12, 2017","266.78","266.57","267.32","266.35","85.20M","0.18%"
"Dec 11, 2017","266.31","265.58","266.38","265.48","83.08M","0.30%"
"Dec 08, 2017","265.51","264.99","265.52","264.03","76.56M","0.55%"
"Dec 07, 2017","264.07","263.09","264.43","262.94","77.22M","0.32%"
"Dec 06, 2017","263.24","262.87","263.73","262.71","75.90M","0.02%"
"Dec 05, 2017","263.19","264.43","265.15","263.04","77.99M","-0.36%"
"Dec 04, 2017","264.14","266.31","266.80","264.08","94.04M","-0.12%"
"Dec 01, 2017","264.46","264.76","265.31","260.76","164.39M","-0.21%"
"Nov 30, 2017","265.01","263.76","266.05","263.67","127.89M","0.88%"
"Nov 29, 2017","262.71","263.02","263.63","262.20","77.51M","-0.06%"
"Nov 28, 2017","262.87","260.76","262.90","260.65","98.97M","1.01%"
"Nov 27, 2017","260.23","260.41","260.75","260.00","52.27M","-0.05%"
"Nov 24, 2017","260.36","260.32","260.48","260.16","27.86M","0.23%"
"Nov 22, 2017","259.76","260.00","260.15","259.57","45.03M","-0.09%"
"Nov 21, 2017","259.99","259.18","260.20","258.26","69.18M","0.65%"
"Nov 20, 2017","258.30","258.14","258.52","257.86","48.08M","0.17%"
"Nov 17, 2017","257.86","258.22","258.59","257.77","75.76M","-0.29%"
"Nov 16, 2017","258.62","257.52","259.04","257.47","67.78M","0.85%"
"Nov 15, 2017","256.44","256.62","257.22","255.63","80.81M","-0.50%"
"Nov 14, 2017","257.73","257.41","257.85","256.52","61.32M","-0.23%"
"Nov 13, 2017","258.33","257.31","258.59","257.27","50.23M","0.09%"
"Nov 10, 2017","258.09","257.73","258.29","257.37","59.98M","-0.03%"
"Nov 09, 2017","258.17","257.73","258.39","256.36","95.09M","-0.36%"
"Nov 08, 2017","259.11","258.47","259.22","258.15","50.47M","0.17%"
"Nov 07, 2017","258.67","258.97","259.35","258.09","57.50M","-0.07%"
"Nov 06, 2017","258.85","258.30","259.00","258.22","49.65M","0.15%"
"Nov 03, 2017","258.45","257.77","258.50","257.30","59.59M","0.33%"
"Nov 02, 2017","257.59","257.41","257.75","256.19","56.45M","0.04%"
"Nov 01, 2017","257.49","258.04","258.43","257.07","54.20M","0.13%"
"Oct 31, 2017","257.15","257.18","257.44","256.81","60.30M","0.16%"
"Oct 30, 2017","256.75","257.07","257.60","256.41","54.29M","-0.37%"
"Oct 27, 2017","257.71","256.47","257.89","255.63","85.56M","0.82%"
"Oct 26, 2017","255.62","255.99","256.30","255.48","69.80M","0.13%"
"Oct 25, 2017","255.29","256.18","256.31","254.00","103.72M","-0.50%"
"Oct 24, 2017","256.56","256.60","256.83","256.15","66.94M","0.18%"
"Oct 23, 2017","256.11","257.48","257.51","256.02","63.92M","-0.39%"
"Oct 20, 2017","257.11","256.70","257.14","255.77","89.18M","0.52%"
"Oct 19, 2017","255.79","254.83","255.83","254.35","61.90M","0.03%"
"Oct 18, 2017","255.72","255.90","255.95","255.50","40.89M","0.10%"
"Oct 17, 2017","255.47","255.23","255.52","254.98","31.56M","0.07%"
"Oct 16, 2017","255.29","255.21","255.51","254.82","38.22M","0.13%"
"Oct 13, 2017","254.95","255.14","255.27","254.64","54.80M","0.12%"
"Oct 12, 2017","254.64","254.66","255.06","254.37","47.07M","-0.15%"
"Oct 11, 2017","255.02","254.51","255.02","254.32","47.67M","0.16%"
"Oct 10, 2017","254.62","254.60","255.05","253.98","43.06M","0.26%"
"Oct 09, 2017","253.95","254.63","254.70","253.65","35.80M","-0.17%"
"Oct 06, 2017","254.37","254.15","254.70","253.85","80.65M","-0.11%"
"Oct 05, 2017","254.66","253.54","254.68","253.20","63.52M","0.59%"
"Oct 04, 2017","253.16","252.69","253.44","252.56","55.95M","0.12%"
"Oct 03, 2017","252.86","252.46","252.89","252.23","66.81M","0.21%"
"Oct 02, 2017","252.32","251.49","252.32","251.29","59.02M","0.43%"
"Sep 29, 2017","251.23","250.34","251.32","250.13","85.58M","0.35%"
"Sep 28, 2017","250.35","249.73","250.44","249.63","44.78M","0.12%"
"Sep 27, 2017","250.05","249.88","250.49","248.87","81.00M","0.39%"
"Sep 26, 2017","249.08","249.42","249.70","248.81","54.08M","0.06%"
"Sep 25, 2017","248.93","249.15","249.55","248.08","57.06M","-0.20%"
"Sep 22, 2017","249.44","249.05","249.63","249.02","51.21M","0.02%"
"Sep 21, 2017","249.39","249.88","249.98","249.19","48.21M","-0.27%"
"Sep 20, 2017","250.06","250.07","250.19","248.92","59.57M","0.04%"
"Sep 19, 2017","249.97","250.00","250.07","249.60","47.11M","0.10%"
"Sep 18, 2017","249.72","249.61","250.12","249.28","46.24M","0.21%"
"Sep 15, 2017","249.19","248.69","249.29","248.57","95.43M","-0.36%"
"Sep 14, 2017","250.09","249.80","250.32","249.60","95.45M","-0.03%"
"Sep 13, 2017","250.17","249.72","250.21","249.59","59.23M","0.05%"
"Sep 12, 2017","250.05","249.63","250.09","249.42","56.90M","0.34%"
"Sep 11, 2017","249.21","248.04","249.30","248.02","71.36M","1.07%"
"Sep 08, 2017","246.58","246.54","247.11","246.30","63.83M","-0.12%"
"Sep 07, 2017","246.87","247.25","247.27","246.40","58.03M","-0.01%"
"Sep 06, 2017","246.90","246.84","247.28","246.23","57.92M","0.34%"
"Sep 05, 2017","246.06","247.26","247.52","244.95","91.40M","-0.72%"
"Sep 01, 2017","247.84","247.92","248.33","247.67","62.01M","0.14%"
"Aug 31, 2017","247.49","246.72","247.77","246.05","103.80M","0.60%"
"Aug 30, 2017","246.01","244.83","246.32","244.62","62.03M","0.47%"
"Aug 29, 2017","244.85","243.06","245.15","242.93","51.14M","0.11%"
"Aug 28, 2017","244.57","245.17","245.20","244.09","40.57M","0.00%"
"Aug 25, 2017","244.56","244.90","245.61","244.39","64.45M","0.23%"
"Aug 24, 2017","243.99","245.00","245.18","243.75","50.74M","-0.23%"
"Aug 23, 2017","244.56","244.33","245.05","244.16","50.20M","-0.36%"
"Aug 22, 2017","245.44","243.57","245.62","243.55","63.14M","1.05%"
"Aug 21, 2017","242.90","242.64","243.20","241.83","65.47M","0.08%"
"Aug 18, 2017","242.71","242.90","244.19","242.20","136.75M","-0.16%"
"Aug 17, 2017","243.09","246.24","246.60","243.09","128.49M","-1.56%"
"Aug 16, 2017","246.94","247.11","247.57","246.45","56.72M","0.17%"
"Aug 15, 2017","246.51","246.98","247.00","246.16","55.24M","-0.01%"
"Aug 14, 2017","246.54","245.59","246.79","245.55","73.29M","0.99%"
"Aug 11, 2017","244.12","244.02","244.80","243.75","74.87M","0.15%"
"Aug 10, 2017","243.76","246.29","246.44","243.70","120.48M","-1.41%"
"Aug 09, 2017","247.25","246.47","247.31","246.06","62.63M","-0.00%"
"Aug 08, 2017","247.26","247.51","248.91","246.83","61.72M","-0.25%"
"Aug 07, 2017","247.87","247.49","247.87","247.37","32.00M","0.19%"
"Aug 04, 2017","247.41","247.52","247.79","246.97","60.19M","0.18%"
"Aug 03, 2017","246.96","247.31","247.34","246.64","40.86M","-0.19%"
"Aug 02, 2017","247.44","247.47","247.60","246.37","47.21M","0.05%"
"Aug 01, 2017","247.32","247.46","247.50","246.72","55.05M","0.22%"
"Jul 31, 2017","246.77","247.37","247.48","246.53","65.84M","-0.06%"
"Jul 28, 2017","246.91","246.65","247.06","246.13","50.09M","-0.12%"
"Jul 27, 2017","247.20","247.96","248.00","245.68","70.77M","-0.09%"
"Jul 26, 2017","247.43","247.75","247.79","247.13","47.58M","0.00%"
"Jul 25, 2017","247.42","247.68","247.80","247.16","54.92M","0.24%"
"Jul 24, 2017","246.82","246.79","246.98","246.28","46.62M","-0.02%"
"Jul 21, 2017","246.88","246.44","246.91","246.18","88.71M","-0.09%"
"Jul 20, 2017","247.10","247.28","247.42","246.47","47.14M","0.04%"
"Jul 19, 2017","246.99","246.02","247.00","246.01","51.03M","0.54%"
"Jul 18, 2017","245.66","245.06","245.72","244.67","42.74M","0.05%"
"Jul 17, 2017","245.53","245.47","245.91","245.33","33.53M","-0.01%"
"Jul 14, 2017","245.56","244.43","245.97","244.31","60.26M","0.47%"
"Jul 13, 2017","244.42","244.02","244.55","243.76","39.47M","0.17%"
"Jul 12, 2017","244.01","243.30","244.20","243.30","59.61M","0.75%"
"Jul 11, 2017","242.19","242.16","242.55","240.85","50.35M","-0.07%"
"Jul 10, 2017","242.37","241.95","242.80","241.76","36.66M","0.11%"
"Jul 07, 2017","242.11","241.21","242.28","240.56","57.97M","0.65%"
"Jul 06, 2017","240.55","241.89","242.03","240.34","66.12M","-0.91%"
"Jul 05, 2017","242.77","242.63","243.01","241.70","54.43M","0.23%"
"Jul 03, 2017","242.21","242.88","243.38","242.21","39.15M","0.17%"
"Jun 30, 2017","241.80","242.28","242.71","241.57","86.82M","0.19%"
"Jun 29, 2017","241.35","243.66","243.72","239.96","106.95M","-0.88%"
"Jun 28, 2017","243.49","242.50","243.72","242.23","70.04M","0.90%"
"Jun 27, 2017","241.33","243.04","243.38","241.31","82.25M","-0.81%"
"Jun 26, 2017","243.29","243.90","244.38","243.04","56.70M","0.07%"
"Jun 23, 2017","243.13","242.91","243.51","242.47","66.99M","0.12%"
"Jun 22, 2017","242.84","242.96","243.53","242.64","44.15M","-0.05%"
"Jun 21, 2017","242.95","243.42","243.59","242.41","55.98M","-0.02%"
"Jun 20, 2017","243.01","244.25","244.26","242.99","56.91M","-0.67%"
"Jun 19, 2017","244.66","243.59","244.73","243.48","65.12M","0.83%"
"Jun 16, 2017","242.64","242.77","242.83","241.63","84.55M","-0.46%"
"Jun 15, 2017","243.77","242.68","243.91","242.36","66.46M","-0.19%"
"Jun 14, 2017","244.24","244.86","244.87","243.29","78.60M","-0.13%"
"Jun 13, 2017","244.55","243.98","244.61","243.58","60.07M","0.49%"
"Jun 12, 2017","243.36","243.13","243.42","242.38","86.11M","-0.02%"
"Jun 09, 2017","243.41","244.09","245.01","241.95","132.26M","-0.15%"
"Jun 08, 2017","243.78","243.77","244.33","243.17","65.95M","0.05%"
"Jun 07, 2017","243.66","243.60","243.92","242.83","54.14M","0.19%"
"Jun 06, 2017","243.21","243.34","243.98","243.12","50.38M","-0.32%"
"Jun 05, 2017","243.99","243.97","244.30","243.76","44.70M","-0.07%"
"Jun 02, 2017","244.17","243.42","244.35","243.08","88.67M","0.33%"
"Jun 01, 2017","243.36","241.97","243.38","241.64","68.96M","0.80%"
"May 31, 2017","241.44","241.84","241.88","240.64","91.80M","-0.02%"
"May 30, 2017","241.50","241.34","241.79","241.16","35.20M","-0.09%"
"May 26, 2017","241.71","241.54","241.90","241.45","46.63M","-0.02%"
"May 25, 2017","241.76","241.20","242.08","240.96","64.07M","0.48%"
"May 24, 2017","240.61","240.32","240.73","239.93","49.18M","0.23%"
"May 23, 2017","240.05","239.95","240.24","239.51","48.34M","0.22%"
"May 22, 2017","239.52","238.90","239.71","238.82","61.01M","0.51%"
"May 19, 2017","238.31","237.33","239.08","237.27","115.01M","0.65%"
"May 18, 2017","236.77","235.73","237.75","235.43","107.05M","0.40%"
"May 17, 2017","235.82","238.10","238.64","235.75","172.17M","-1.77%"
"May 16, 2017","240.08","240.64","240.67","239.63","51.24M","-0.09%"
"May 15, 2017","240.30","239.47","240.44","239.45","61.92M","0.55%"
"May 12, 2017","238.98","239.09","239.43","238.67","53.91M","-0.17%"
"May 11, 2017","239.38","239.35","239.57","238.13","62.36M","-0.20%"
"May 10, 2017","239.87","239.39","239.87","239.15","54.29M","0.18%"
"May 09, 2017","239.44","239.96","240.19","239.04","51.36M","-0.09%"
"May 08, 2017","239.66","239.75","239.92","239.17","48.39M","-0.02%"
"May 05, 2017","239.70","239.19","239.72","238.68","62.00M","0.39%"
"May 04, 2017","238.76","238.83","238.92","237.78","61.46M","0.12%"
"May 03, 2017","238.48","238.29","238.88","237.70","73.14M","-0.12%"
"May 02, 2017","238.77","238.84","238.98","238.30","57.38M","0.04%"
"May 01, 2017","238.68","238.68","239.17","238.19","66.88M","0.25%"
"Apr 28, 2017","238.08","238.90","238.93","237.93","63.53M","-0.22%"
"Apr 27, 2017","238.60","238.77","238.95","237.98","57.41M","0.08%"
"Apr 26, 2017","238.40","238.51","239.53","238.35","84.70M","-0.06%"
"Apr 25, 2017","238.55","237.91","238.95","237.81","76.70M","0.58%"
"Apr 24, 2017","237.17","237.18","237.41","234.56","119.21M","1.10%"
"Apr 21, 2017","234.59","235.25","235.31","234.13","110.39M","-0.32%"
"Apr 20, 2017","235.34","234.15","235.84","233.78","92.57M","0.81%"
"Apr 19, 2017","233.44","234.52","234.95","233.18","68.70M","-0.18%"
"Apr 18, 2017","233.87","233.72","234.49","233.08","83.23M","-0.30%"
"Apr 17, 2017","234.57","233.11","234.57","232.88","68.41M","0.89%"
"Apr 13, 2017","232.51","233.64","234.49","232.51","92.88M","-0.65%"
"Apr 12, 2017","234.03","234.74","234.96","233.77","81.86M","-0.44%"
"Apr 11, 2017","235.06","234.90","235.18","233.34","88.05M","-0.12%"
"Apr 10, 2017","235.34","235.36","236.25","234.73","67.62M","0.06%"
"Apr 07, 2017","235.20","235.15","236.00","234.64","74.41M","-0.10%"
"Apr 06, 2017","235.44","234.94","236.04","234.43","69.14M","0.28%"
"Apr 05, 2017","234.78","236.26","237.39","234.54","108.80M","-0.30%"
"Apr 04, 2017","235.48","235.00","235.58","234.56","56.47M","0.06%"
"Apr 03, 2017","235.33","235.80","236.03","233.91","85.55M","-0.17%"
"Mar 31, 2017","235.74","235.90","236.51","235.68","73.73M","-0.23%"
"Mar 30, 2017","236.29","235.47","236.52","235.27","56.74M","0.32%"
"Mar 29, 2017","235.54","234.99","235.81","234.72","61.95M","0.09%"
"Mar 28, 2017","235.32","233.27","235.81","233.14","93.48M","0.73%"
"Mar 27, 2017","233.62","231.93","233.92","231.61","87.45M","-0.10%"
"Mar 24, 2017","233.86","234.38","235.04","232.96","112.50M","-0.07%"
"Mar 23, 2017","234.03","234.00","235.34","233.60","100.41M","-0.11%"
"Mar 22, 2017","234.28","233.77","234.61","233.05","97.57M","0.24%"
"Mar 21, 2017","233.73","237.47","237.61","233.58","131.81M","-1.28%"
"Mar 20, 2017","236.77","237.03","237.36","236.32","52.54M","-0.11%"
"Mar 17, 2017","237.03","237.75","237.97","237.03","89.00M","-0.61%"
"Mar 16, 2017","238.48","239.11","239.20","238.10","78.34M","-0.20%"
"Mar 15, 2017","238.95","237.56","239.44","237.29","96.08M","0.87%"
"Mar 14, 2017","236.90","237.18","237.24","236.19","59.88M","-0.38%"
"Mar 13, 2017","237.81","237.62","237.86","237.24","57.26M","0.05%"
"Mar 10, 2017","237.69","237.97","238.02","236.59","81.99M","0.35%"
"Mar 09, 2017","236.86","236.70","237.24","235.74","90.68M","0.13%"
"Mar 08, 2017","236.56","237.34","237.64","236.40","78.17M","-0.19%"
"Mar 07, 2017","237.00","237.36","237.77","236.76","65.10M","-0.30%"
"Mar 06, 2017","237.71","237.50","238.12","237.01","55.39M","-0.30%"
"Mar 03, 2017","238.42","238.17","238.61","237.73","81.97M","0.06%"
"Mar 02, 2017","238.27","239.56","239.57","238.21","70.25M","-0.63%"
"Mar 01, 2017","239.78","238.39","240.32","238.37","149.16M","1.40%"
"Feb 28, 2017","236.47","236.67","236.95","236.01","96.96M","-0.27%"
"Feb 27, 2017","237.11","236.64","237.31","236.35","56.52M","0.16%"
"Feb 24, 2017","236.74","235.46","236.79","235.41","82.38M","0.13%"
"Feb 23, 2017","236.44","236.88","236.90","235.56","74.62M","0.07%"
"Feb 22, 2017","236.28","236.02","236.54","235.83","62.12M","-0.09%"
"Feb 21, 2017","236.49","235.52","236.69","235.51","88.95M","0.60%"
"Feb 17, 2017","235.09","233.95","235.09","233.93","77.20M","0.16%"
"Feb 16, 2017","234.72","234.96","235.16","233.85","84.72M","-0.09%"
"Feb 15, 2017","234.92","233.45","235.14","233.39","86.79M","0.52%"
"Feb 14, 2017","233.70","232.56","233.71","232.16","71.11M","0.40%"
"Feb 13, 2017","232.77","232.08","233.07","232.05","55.18M","0.54%"
"Feb 10, 2017","231.51","231.00","231.77","230.62","66.02M","0.39%"
"Feb 09, 2017","230.60","229.56","230.95","229.52","65.96M","0.59%"
"Feb 08, 2017","229.24","228.61","229.39","228.31","51.57M","0.13%"
"Feb 07, 2017","228.94","229.38","229.66","228.72","57.93M","0.00%"
"Feb 06, 2017","228.93","228.87","229.33","228.54","57.79M","-0.18%"
"Feb 03, 2017","229.34","228.82","229.55","228.46","80.56M","0.69%"
"Feb 02, 2017","227.77","227.20","228.10","226.82","69.66M","0.07%"
"Feb 01, 2017","227.62","228.25","228.59","226.94","79.12M","0.04%"
"Jan 31, 2017","227.53","226.98","227.60","226.32","75.88M","-0.01%"
"Jan 30, 2017","227.55","228.17","228.20","226.41","79.74M","-0.62%"
"Jan 27, 2017","228.97","229.42","229.59","228.76","59.71M","-0.16%"
"Jan 26, 2017","229.33","229.40","229.71","229.01","59.97M","-0.10%"
"Jan 25, 2017","229.57","228.70","229.57","228.51","84.44M","0.87%"
"Jan 24, 2017","227.60","226.40","228.08","226.27","95.56M","0.64%"
"Jan 23, 2017","226.15","226.35","226.81","225.27","75.06M","-0.26%"
"Jan 20, 2017","226.74","226.70","227.31","225.97","129.17M","0.37%"
"Jan 19, 2017","225.91","226.84","227.00","225.41","66.61M","-0.37%"
"Jan 18, 2017","226.75","226.53","226.80","225.90","54.79M","0.22%"
"Jan 17, 2017","226.25","226.31","226.78","225.80","61.24M","-0.35%"
"Jan 13, 2017","227.05","226.73","227.40","226.69","62.72M","0.23%"
"Jan 12, 2017","226.53","226.50","226.75","224.96","72.11M","-0.25%"
"Jan 11, 2017","227.10","226.36","227.10","225.59","74.65M","0.28%"
"Jan 10, 2017","226.46","226.48","227.45","226.01","63.77M","0.00%"
"Jan 09, 2017","226.46","226.91","227.07","226.42","46.94M","-0.33%"
"Jan 06, 2017","227.21","226.53","227.75","225.90","71.56M","0.36%"
"Jan 05, 2017","226.40","226.27","226.58","225.48","78.38M","-0.08%"
"Jan 04, 2017","226.58","225.62","226.75","225.61","78.74M","0.59%"
"Jan 03, 2017","225.24","225.04","225.83","223.88","91.37M","0.77%"
"Dec 30, 2016","223.53","224.73","224.83","222.73","109.00M","-0.37%"
"Dec 29, 2016","224.35","224.48","224.89","223.84","48.70M","-0.02%"
"Dec 28, 2016","224.40","226.57","226.59","224.27","64.10M","-0.83%"
"Dec 27, 2016","226.27","226.02","226.73","226.00","42.67M","0.25%"
"Dec 23, 2016","225.71","225.43","225.72","225.21","36.70M","0.15%"
"Dec 22, 2016","225.38","225.60","225.74","224.92","56.22M","-0.17%"
"Dec 21, 2016","225.77","226.25","226.45","225.77","67.91M","-0.28%"
"Dec 20, 2016","226.40","226.15","226.57","225.88","89.84M","0.39%"
"Dec 19, 2016","225.53","225.25","226.02","225.08","90.34M","0.22%"
"Dec 16, 2016","225.04","226.01","226.08","224.67","156.42M","-0.78%"
"Dec 15, 2016","226.81","226.16","227.81","225.89","124.97M","0.41%"
"Dec 14, 2016","225.88","227.41","228.23","225.37","142.50M","-0.83%"
"Dec 13, 2016","227.76","227.02","228.34","227.00","110.48M","0.67%"
"Dec 12, 2016","226.25","226.40","226.96","225.76","102.02M","-0.11%"
"Dec 09, 2016","226.51","225.41","226.53","225.37","88.01M","0.60%"
"Dec 08, 2016","225.15","224.57","225.70","224.26","99.71M","0.24%"
"Dec 07, 2016","224.60","221.52","224.67","221.38","110.74M","1.31%"
"Dec 06, 2016","221.70","221.22","221.74","220.66","59.88M","0.32%"
"Dec 05, 2016","221.00","220.65","221.40","220.42","67.84M","0.60%"
"Dec 02, 2016","219.68","219.67","220.25","219.26","74.84M","0.05%"
"Dec 01, 2016","219.57","220.73","220.73","219.15","79.04M","-0.37%"
"Nov 30, 2016","220.38","221.63","221.82","220.31","113.29M","-0.24%"
"Nov 29, 2016","220.91","220.52","221.44","220.17","69.89M","0.20%"
"Nov 28, 2016","220.48","221.16","221.48","220.36","76.57M","-0.47%"
"Nov 25, 2016","221.52","221.10","221.56","221.01","37.87M","0.37%"
"Nov 23, 2016","220.70","219.98","220.76","219.75","56.62M","0.05%"
"Nov 22, 2016","220.58","220.51","220.79","219.73","67.43M","0.20%"
"Nov 21, 2016","220.15","219.17","220.18","219.00","72.40M","0.76%"
"Nov 18, 2016","218.50","219.07","219.27","218.29","86.27M","-0.22%"
"Nov 17, 2016","218.99","218.05","219.06","217.92","69.80M","0.51%"
"Nov 16, 2016","217.87","217.56","218.14","217.42","65.62M","-0.19%"
"Nov 15, 2016","218.28","217.04","218.28","216.80","91.65M","0.78%"
"Nov 14, 2016","216.59","217.03","217.27","215.72","94.58M","0.08%"
"Nov 11, 2016","216.42","216.08","216.70","215.32","100.55M","-0.23%"
"Nov 10, 2016","216.92","217.30","218.31","215.22","172.11M","0.25%"
"Nov 09, 2016","216.38","212.37","217.10","212.34","258.43M","1.06%"
"Nov 08, 2016","214.11","212.69","214.77","212.38","106.77M","0.45%"
"Nov 07, 2016","213.15","211.45","213.19","211.30","109.79M","2.21%"
"Nov 04, 2016","208.55","208.91","209.89","208.38","109.12M","-0.11%"
"Nov 03, 2016","208.78","209.99","210.24","208.46","88.94M","-0.46%"
"Nov 02, 2016","209.74","210.65","211.10","209.23","103.33M","-0.60%"
"Nov 01, 2016","211.01","212.93","212.99","209.60","122.78M","-0.72%"
"Oct 31, 2016","212.55","212.93","213.19","212.36","61.27M","0.00%"
"Oct 28, 2016","212.54","213.14","213.93","211.71","140.62M","-0.30%"
"Oct 27, 2016","213.17","214.58","214.62","213.08","77.22M","-0.27%"
"Oct 26, 2016","213.74","213.21","214.42","212.93","75.71M","-0.20%"
"Oct 25, 2016","214.17","214.68","214.98","213.98","66.54M","-0.34%"
"Oct 24, 2016","214.89","215.00","215.32","214.48","60.15M","0.43%"
"Oct 21, 2016","213.98","212.96","214.08","212.76","89.09M","0.05%"
"Oct 20, 2016","213.88","213.87","214.53","213.11","73.64M","-0.19%"
"Oct 19, 2016","214.28","214.02","214.64","213.60","66.52M","0.27%"
"Oct 18, 2016","213.71","214.24","214.31","213.27","76.87M","0.63%"
"Oct 17, 2016","212.38","213.09","213.39","212.17","58.28M","-0.35%"
"Oct 14, 2016","213.12","214.15","214.69","213.03","93.35M","0.05%"
"Oct 13, 2016","213.01","212.16","213.59","211.21","101.36M","-0.33%"
"Oct 12, 2016","213.71","213.59","214.32","213.01","73.87M","0.13%"
"Oct 11, 2016","213.43","215.66","215.74","212.58","130.37M","-1.26%"
"Oct 10, 2016","216.16","216.16","216.70","215.99","51.86M","0.52%"
"Oct 07, 2016","215.04","216.10","216.30","214.19","89.79M","-0.34%"
"Oct 06, 2016","215.78","215.37","216.04","214.74","62.93M","0.07%"
"Oct 05, 2016","215.63","215.41","216.13","215.33","72.82M","0.44%"
"Oct 04, 2016","214.68","215.91","216.17","213.99","119.95M","-0.51%"
"Oct 03, 2016","215.78","215.82","216.04","215.04","83.51M","-0.24%"
"Sep 30, 2016","216.30","215.65","217.12","215.36","117.20M","0.75%"
"Sep 29, 2016","214.68","216.40","216.87","214.04","128.07M","-0.90%"
"Sep 28, 2016","216.64","215.83","216.82","214.71","87.41M","0.50%"
"Sep 27, 2016","215.57","214.05","215.68","213.62","78.49M","0.62%"
"Sep 26, 2016","214.24","215.02","215.23","214.01","89.83M","-0.81%"
"Sep 23, 2016","215.99","216.72","216.88","215.88","73.63M","-0.55%"
"Sep 22, 2016","217.18","217.00","217.53","216.71","76.68M","0.63%"
"Sep 21, 2016","215.82","214.24","216.03","213.44","110.28M","1.12%"
"Sep 20, 2016","213.42","214.41","214.59","213.38","69.67M","0.00%"
"Sep 19, 2016","213.41","214.13","214.88","213.03","80.25M","0.02%"
"Sep 16, 2016","213.37","213.48","213.69","212.57","155.24M","-0.89%"
"Sep 15, 2016","215.28","212.96","215.73","212.75","145.74M","1.00%"
"Sep 14, 2016","213.15","213.29","214.70","212.50","134.19M","-0.04%"
"Sep 13, 2016","213.23","214.84","215.15","212.50","182.83M","-1.44%"
"Sep 12, 2016","216.34","212.39","216.81","212.31","168.11M","1.43%"
"Sep 09, 2016","213.28","216.97","217.03","213.25","221.59M","-2.39%"
"Sep 08, 2016","218.51","218.62","218.94","218.15","74.10M","-0.23%"
"Sep 07, 2016","219.01","218.84","219.22","218.30","76.55M","-0.01%"
"Sep 06, 2016","219.03","218.70","219.12","217.86","56.70M","0.30%"
"Sep 02, 2016","218.37","218.39","218.87","217.70","79.29M","0.45%"
"Sep 01, 2016","217.39","217.37","217.73","216.03","97.84M","0.00%"
"Aug 31, 2016","217.38","217.61","217.75","216.47","85.27M","-0.28%"
"Aug 30, 2016","218.00","218.26","218.59","217.35","58.11M","-0.16%"
"Aug 29, 2016","218.36","217.44","218.66","217.40","70.50M","0.49%"
"Aug 26, 2016","217.29","217.92","219.12","216.25","122.51M","-0.19%"
"Aug 25, 2016","217.70","217.40","218.19","217.22","69.22M","-0.07%"
"Aug 24, 2016","217.85","218.80","218.91","217.36","71.73M","-0.51%"
"Aug 23, 2016","218.97","219.25","219.60","218.90","53.40M","0.20%"
"Aug 22, 2016","218.53","218.26","218.80","217.83","61.37M","-0.00%"
"Aug 19, 2016","218.54","218.31","218.75","217.74","75.44M","-0.15%"
"Aug 18, 2016","218.86","218.34","218.90","218.21","52.99M","0.22%"
"Aug 17, 2016","218.37","218.00","218.53","217.02","75.13M","0.19%"
"Aug 16, 2016","217.96","218.60","218.68","217.96","53.21M","-0.52%"
"Aug 15, 2016","219.09","218.89","219.50","218.88","49.81M","0.29%"
"Aug 12, 2016","218.46","218.29","218.71","217.99","61.31M","-0.09%"
"Aug 11, 2016","218.65","218.26","218.94","217.95","72.50M","0.46%"
"Aug 10, 2016","217.64","218.31","218.40","217.23","57.94M","-0.25%"
"Aug 09, 2016","218.18","218.13","218.76","217.80","51.25M","0.06%"
"Aug 08, 2016","218.05","218.40","218.52","217.74","39.91M","-0.06%"
"Aug 05, 2016","218.18","217.21","218.23","217.07","71.89M","0.82%"
"Aug 04, 2016","216.41","216.31","216.78","214.25","46.59M","0.11%"
"Aug 03, 2016","216.18","215.48","216.25","215.13","53.99M","0.29%"
"Aug 02, 2016","215.55","216.65","216.83","214.57","92.30M","-0.64%"
"Aug 01, 2016","216.94","217.19","217.65","216.41","73.31M","-0.08%"
"Jul 29, 2016","217.12","216.46","217.54","216.13","79.52M","0.16%"
"Jul 28, 2016","216.77","216.29","217.11","215.75","65.04M","0.12%"
"Jul 27, 2016","216.52","217.19","217.27","215.62","84.08M","-0.11%"
"Jul 26, 2016","216.75","216.53","217.17","215.76","70.08M","0.05%"
"Jul 25, 2016","216.65","217.00","217.06","215.97","55.87M","-0.27%"
"Jul 22, 2016","217.24","216.41","217.30","216.10","62.79M","0.45%"
"Jul 21, 2016","216.26","216.96","217.22","215.75","67.78M","-0.38%"
"Jul 20, 2016","217.09","216.75","217.37","216.24","58.16M","0.42%"
"Jul 19, 2016","216.19","215.92","216.23","215.63","54.35M","-0.10%"
"Jul 18, 2016","216.41","215.97","216.60","215.67","58.73M","0.27%"
"Jul 15, 2016","215.83","216.78","217.01","215.31","107.16M","-0.13%"
"Jul 14, 2016","216.12","216.40","216.67","215.66","91.23M","0.56%"
"Jul 13, 2016","214.92","215.44","215.45","214.35","87.32M","-0.01%"
"Jul 12, 2016","214.95","214.53","215.30","213.43","101.28M","0.73%"
"Jul 11, 2016","213.40","213.19","214.07","212.95","73.63M","0.35%"
"Jul 08, 2016","212.65","211.05","212.94","210.78","133.97M","1.49%"
"Jul 07, 2016","209.53","209.87","210.65","208.63","85.59M","-0.06%"
"Jul 06, 2016","209.66","207.83","209.80","207.06","96.02M","0.60%"
"Jul 05, 2016","208.41","208.95","209.08","207.71","109.80M","-0.72%"
"Jul 01, 2016","209.92","209.36","210.49","209.29","106.06M","0.21%"
"Jun 30, 2016","209.47","207.21","209.54","206.56","165.02M","1.36%"
"Jun 29, 2016","206.66","204.84","206.93","204.72","137.33M","1.70%"
"Jun 28, 2016","203.20","201.48","203.23","201.12","159.38M","1.80%"
"Jun 27, 2016","199.60","201.59","201.60","198.65","248.99M","-1.74%"
"Jun 24, 2016","203.13","203.63","210.85","202.72","333.44M","-3.64%"
"Jun 23, 2016","210.81","209.81","210.87","209.27","102.73M","1.30%"
"Jun 22, 2016","208.10","208.65","209.50","207.93","95.56M","-0.16%"
"Jun 21, 2016","208.44","208.30","208.92","207.78","72.46M","0.28%"
"Jun 20, 2016","207.85","208.82","209.61","207.75","82.79M","0.64%"
"Jun 17, 2016","206.52","207.17","207.20","205.75","117.06M","-0.89%"
"Jun 16, 2016","208.37","206.73","208.57","205.59","149.53M","0.30%"
"Jun 15, 2016","207.75","208.54","209.36","207.53","109.12M","-0.14%"
"Jun 14, 2016","208.04","208.00","208.74","206.92","125.06M","-0.20%"
"Jun 13, 2016","208.45","209.36","210.37","208.35","117.75M","-0.77%"
"Jun 10, 2016","210.07","210.46","210.86","209.43","113.83M","-0.95%"
"Jun 09, 2016","212.08","211.51","212.22","211.19","73.79M","-0.14%"
"Jun 08, 2016","212.37","211.84","212.52","211.69","66.17M","0.33%"
"Jun 07, 2016","211.68","211.53","212.34","211.50","60.97M","0.16%"
"Jun 06, 2016","211.35","210.70","211.77","210.51","64.89M","0.51%"
"Jun 03, 2016","210.28","210.25","210.69","208.86","101.76M","-0.30%"
"Jun 02, 2016","210.91","209.80","210.93","209.24","63.04M","0.30%"
"Jun 01, 2016","210.27","209.12","210.48","208.89","69.94M","0.20%"
"May 31, 2016","209.84","210.56","210.69","209.18","109.88M","-0.19%"
"May 27, 2016","210.24","209.53","210.25","209.47","64.21M","0.43%"
"May 26, 2016","209.34","209.44","209.71","208.97","55.28M","0.03%"
"May 25, 2016","209.28","208.67","209.77","207.87","79.22M","0.68%"
"May 24, 2016","207.87","206.17","208.24","206.14","93.54M","1.30%"
"May 23, 2016","205.21","205.51","205.84","204.99","58.68M","-0.14%"
"May 20, 2016","205.49","204.92","206.10","204.86","104.99M","0.63%"
"May 19, 2016","204.20","204.06","204.54","202.78","115.43M","-0.35%"
"May 18, 2016","204.91","204.44","206.30","203.63","123.49M","0.03%"
"May 17, 2016","204.85","206.46","206.80","204.23","114.92M","-0.93%"
"May 16, 2016","206.78","204.96","207.34","204.89","77.49M","0.99%"
"May 13, 2016","204.76","206.21","206.86","204.38","96.47M","-0.87%"
"May 12, 2016","206.56","207.29","207.49","205.37","89.59M","0.03%"
"May 11, 2016","206.50","207.91","208.54","206.50","81.73M","-0.94%"
"May 10, 2016","208.45","206.72","208.50","206.64","77.47M","1.24%"
"May 09, 2016","205.89","205.57","206.40","205.36","74.37M","0.08%"
"May 06, 2016","205.72","204.06","205.77","203.88","89.32M","0.37%"
"May 05, 2016","204.97","205.56","205.98","204.47","67.62M","-0.02%"
"May 04, 2016","205.01","204.99","205.85","204.42","92.24M","-0.56%"
"May 03, 2016","206.16","206.52","206.80","205.28","106.42M","-0.87%"
"May 02, 2016","207.97","206.92","208.18","206.41","62.19M","0.79%"
"Apr 29, 2016","206.33","206.72","207.13","205.03","142.42M","-0.54%"
"Apr 28, 2016","207.45","208.46","209.76","206.96","97.22M","-0.91%"
"Apr 27, 2016","209.35","208.47","209.81","208.05","77.33M","0.21%"
"Apr 26, 2016","208.92","209.04","209.52","208.36","75.86M","0.15%"
"Apr 25, 2016","208.61","208.26","208.66","207.54","66.17M","-0.17%"
"Apr 22, 2016","208.97","208.55","209.29","207.91","99.25M","0.00%"
"Apr 21, 2016","208.97","210.12","210.25","208.65","85.70M","-0.54%"
"Apr 20, 2016","210.10","209.95","210.92","209.39","81.10M","0.10%"
"Apr 19, 2016","209.90","209.74","210.20","208.94","88.32M","0.32%"
"Apr 18, 2016","209.24","207.14","209.28","207.00","82.53M","0.70%"
"Apr 15, 2016","207.78","208.01","208.17","207.40","75.76M","-0.11%"
"Apr 14, 2016","208.01","208.07","208.60","207.60","65.21M","0.00%"
"Apr 13, 2016","208.00","207.00","208.10","206.84","96.34M","1.01%"
"Apr 12, 2016","205.92","204.22","206.25","203.70","115.35M","0.93%"
"Apr 11, 2016","204.02","205.25","206.07","203.91","83.76M","-0.23%"
"Apr 08, 2016","204.50","205.34","205.85","203.87","95.04M","0.27%"
"Apr 07, 2016","203.95","205.14","205.56","203.09","113.86M","-1.20%"
"Apr 06, 2016","206.42","204.29","206.49","203.98","91.84M","1.09%"
"Apr 05, 2016","204.19","204.67","206.26","203.89","99.66M","-1.00%"
"Apr 04, 2016","206.25","206.83","207.07","205.89","63.50M","-0.32%"
"Apr 01, 2016","206.92","204.35","207.14","203.98","114.42M","0.68%"
"Mar 31, 2016","205.52","205.91","206.41","205.33","94.58M","-0.24%"
"Mar 30, 2016","206.02","206.30","206.87","205.59","86.37M","0.44%"
"Mar 29, 2016","205.12","202.76","205.25","202.40","92.92M","0.93%"
"Mar 28, 2016","203.24","203.61","203.86","202.71","62.41M","0.06%"
"Mar 24, 2016","203.12","202.00","203.16","201.74","84.36M","-0.04%"
"Mar 23, 2016","203.21","204.11","204.33","203.01","81.05M","-0.66%"
"Mar 22, 2016","204.56","203.76","205.23","203.57","97.47M","-0.05%"
"Mar 21, 2016","204.67","204.07","204.94","203.80","72.93M","0.14%"
"Mar 18, 2016","204.38","204.17","204.78","203.80","138.37M","-0.12%"
"Mar 17, 2016","204.63","203.24","205.23","202.77","134.28M","0.63%"
"Mar 16, 2016","203.34","201.60","203.82","201.55","129.30M","0.58%"
"Mar 15, 2016","202.17","201.36","202.53","201.05","93.17M","-0.16%"
"Mar 14, 2016","202.50","202.16","203.04","201.77","73.61M","-0.13%"
"Mar 11, 2016","202.76","201.26","202.81","199.52","137.96M","1.61%"
"Mar 10, 2016","199.54","199.96","201.07","197.38","156.84M","0.08%"
"Mar 09, 2016","199.38","199.36","199.79","198.43","94.80M","0.49%"
"Mar 08, 2016","198.40","199.32","199.92","198.21","123.97M","-1.09%"
"Mar 07, 2016","200.59","199.34","201.07","199.25","100.22M","0.08%"
"Mar 04, 2016","200.43","200.01","201.35","199.03","129.29M","0.33%"
"Mar 03, 2016","199.78","198.79","199.79","198.11","95.17M","0.39%"
"Mar 02, 2016","199.00","197.74","199.06","197.25","102.41M","0.45%"
"Mar 01, 2016","198.11","195.01","198.21","194.45","141.80M","2.35%"
"Feb 29, 2016","193.56","195.11","196.23","193.33","125.92M","-0.78%"
"Feb 26, 2016","195.09","196.57","196.68","194.90","129.83M","-0.23%"
"Feb 25, 2016","195.54","193.73","195.55","192.83","110.73M","1.21%"
"Feb 24, 2016","193.20","190.63","193.53","189.32","150.81M","0.46%"
"Feb 23, 2016","192.32","194.00","194.32","192.18","111.46M","-1.26%"
"Feb 22, 2016","194.78","193.87","194.95","193.79","103.64M","1.45%"
"Feb 19, 2016","192.00","191.17","192.18","190.45","114.79M","-0.05%"
"Feb 18, 2016","192.09","193.20","193.27","191.72","102.34M","-0.41%"
"Feb 17, 2016","192.88","191.16","193.32","191.01","136.01M","1.63%"
"Feb 16, 2016","189.78","188.77","189.81","187.63","120.25M","1.69%"
"Feb 12, 2016","186.63","184.96","186.65","183.96","127.63M","2.06%"
"Feb 11, 2016","182.86","182.34","184.10","181.09","219.06M","-1.30%"
"Feb 10, 2016","185.27","186.41","188.34","185.12","148.21M","-0.09%"
"Feb 09, 2016","185.43","183.36","186.94","183.20","184.51M","0.01%"
"Feb 08, 2016","185.42","185.77","186.12","182.80","191.53M","-1.35%"
"Feb 05, 2016","187.95","190.99","191.67","187.20","180.79M","-1.91%"
"Feb 04, 2016","191.60","190.71","192.75","189.96","139.53M","0.16%"
"Feb 03, 2016","191.30","191.41","191.78","187.10","205.05M","0.60%"
"Feb 02, 2016","190.16","191.96","191.97","189.54","182.56M","-1.80%"
"Feb 01, 2016","193.65","192.53","194.58","191.84","136.06M","-0.04%"
"Jan 29, 2016","193.72","190.02","193.88","189.88","210.53M","2.44%"
"Jan 28, 2016","189.11","189.96","190.20","187.16","143.80M","0.52%"
"Jan 27, 2016","188.13","189.58","191.56","187.06","185.68M","-1.09%"
"Jan 26, 2016","190.20","188.42","190.53","188.02","141.04M","1.36%"
"Jan 25, 2016","187.64","189.92","190.15","187.41","130.37M","-1.51%"
"Jan 22, 2016","190.52","189.78","190.76","188.88","168.32M","2.05%"
"Jan 21, 2016","186.69","186.21","188.87","184.64","195.77M","0.56%"
"Jan 20, 2016","185.65","185.03","187.50","181.02","286.55M","-1.28%"
"Jan 19, 2016","188.06","189.96","190.11","186.20","195.24M","0.13%"
"Jan 15, 2016","187.81","186.77","188.76","185.52","324.85M","-2.15%"
"Jan 14, 2016","191.93","189.55","193.26","187.66","240.80M","1.64%"
"Jan 13, 2016","188.83","194.45","194.86","188.38","221.17M","-2.49%"
"Jan 12, 2016","193.66","193.82","194.55","191.14","172.33M","0.81%"
"Jan 11, 2016","192.11","193.01","193.41","189.82","187.94M","0.10%"
"Jan 08, 2016","191.92","195.19","195.85","191.58","209.82M","-1.10%"
"Jan 07, 2016","194.05","195.33","197.44","193.59","213.44M","-2.40%"
"Jan 06, 2016","198.82","198.34","200.06","197.60","152.11M","-1.26%"
"Jan 05, 2016","201.36","201.40","201.90","200.05","110.85M","0.17%"
"Jan 04, 2016","201.02","200.49","201.03","198.59","222.35M","-1.40%"